"","date","symbol","name","open","close","low","high","volume"
"1",2015-01-02,"ANTM","Anthem Inc.",126.650002,125.459999,124.400002,127.730003,1181600
"2",2015-01-02,"BEN","Franklin Resources",55.849998,55.490002,54.950001,55.91,1220300
"3",2015-01-02,"BLK","BlackRock",357.980011,356.730011,352.440002,359.890015,367000
"4",2015-01-02,"COL","Rockwell Collins",84.82,84.620003,83.82,84.910004,458200
"5",2015-01-02,"CTAS","Cintas Corporation",78.910004,78.449997,77.57,79.099998,455500
"6",2015-01-02,"FFIV","F5 Networks",131.720001,130.330002,128.440002,132.399994,496300
"7",2015-01-02,"FOX","Twenty-First Century Fox Class B",36.98,36.52,36.299999,37.16,1890200
"8",2015-01-02,"GPS","Gap (The)",42.369999,42.099998,41.82,42.5,3060400
"9",2015-01-02,"HP","Helmerich & Payne",67.019997,67.339996,65.989998,68.260002,1312500
"10",2015-01-02,"HPQ","HP Inc.",40.059999,40.239998,39.58,40.479997,21604400
"11",2015-01-02,"MKC","McCormick & Co.",74.519997,73.949997,73.300003,74.980003,463200
"12",2015-01-02,"NFX","Newfield Exploration Co",26.84,26.6,26.120001,27.43,4058800
"13",2015-01-02,"ORLY","O'Reilly Automotive",192.860001,192.110001,190.710007,195.029999,837800
"14",2015-01-02,"ROP","Roper Industries",156.660004,156.619995,154.320007,157.309998,254600
"15",2015-01-02,"SBUX","Starbucks Corp.",82.129997,81.440002,80.889999,82.980003,6886000
"16",2015-01-02,"SNA","Snap-On Inc.",136.850006,136.289993,134.820007,137.690002,219300
"17",2015-01-02,"TDG","TransDigm Group",196.759995,197.75,195.210007,198.479996,360800
"18",2015-01-02,"WDC","Western Digital",111.800003,110.43,109.260002,111.919998,966400
"19",2015-01-05,"ANTM","Anthem Inc.",124.300003,123.260002,122.860001,125.459999,1550000
"20",2015-01-05,"BEN","Franklin Resources",54.919998,53.650002,53.470001,55.18,2452500
"21",2015-01-05,"BLK","BlackRock",353.23999,347.5,346.600006,354.269989,465900
"22",2015-01-05,"COL","Rockwell Collins",84.25,83.879997,83.510002,85.019997,746300
"23",2015-01-05,"CTAS","Cintas Corporation",78.150002,77.019997,76.849998,78.449997,810800
"24",2015-01-05,"FFIV","F5 Networks",132.190002,129.759995,128.970001,132.990005,1355100
"25",2015-01-05,"FOX","Twenty-First Century Fox Class B",36.5,35.77,35.700001,36.5,1849800
"26",2015-01-05,"GPS","Gap (The)",42.450001,42.150002,41.900002,42.66,4215200
"27",2015-01-05,"HP","Helmerich & Payne",66.010002,65.480003,64.5,66.199997,1995000
"28",2015-01-05,"HPQ","HP Inc.",39.799999,39.57,39.269999,40.089999,23850900
"29",2015-01-05,"MKC","McCormick & Co.",73.699997,72.699997,72.599998,73.93,672600
"30",2015-01-05,"NFX","Newfield Exploration Co",25.940001,24.9,24.530001,26.129999,4016100
"31",2015-01-05,"ORLY","O'Reilly Automotive",191.509995,188.720001,188.539993,192.380005,970800
"32",2015-01-05,"ROP","Roper Industries",155.330002,152.029999,151.75,155.550003,449600
"33",2015-01-05,"SBUX","Starbucks Corp.",80.139999,79.879997,79.489998,80.669998,11623800
"34",2015-01-05,"SNA","Snap-On Inc.",135.240005,133.839996,133.710007,136.039993,437300
"35",2015-01-05,"TDG","TransDigm Group",197.25,196.449997,194.449997,198.880005,508300
"36",2015-01-05,"WDC","Western Digital",110.220001,108.970001,108.559998,111.230003,1662700
"37",2015-01-06,"ANTM","Anthem Inc.",125.019997,124.940002,124.269997,126.940002,2117000
"38",2015-01-06,"BEN","Franklin Resources",53.919998,52.599998,52.189999,53.939999,3468100
"39",2015-01-06,"BLK","BlackRock",348.700012,342.100006,338.549988,351.630005,626400
"40",2015-01-06,"COL","Rockwell Collins",84.18,83.769997,83.010002,84.839996,1000800
"41",2015-01-06,"CTAS","Cintas Corporation",77.489998,76.870003,75.900002,77.699997,1181000
"42",2015-01-06,"FFIV","F5 Networks",128,126.730003,126.690002,129.470001,958500
"43",2015-01-06,"FOX","Twenty-First Century Fox Class B",35.91,35.27,35.119999,35.919998,1921700
"44",2015-01-06,"GPS","Gap (The)",42.130001,41.59,41.220001,42.529999,4247200
"45",2015-01-06,"HP","Helmerich & Payne",64.989998,63.66,62.470001,66.290001,2165400
"46",2015-01-06,"HPQ","HP Inc.",39.87,39.269999,38.919998,40.219997,26398600
"47",2015-01-06,"MKC","McCormick & Co.",72.970001,72.370003,72.050003,73.209999,1126300
"48",2015-01-06,"NFX","Newfield Exploration Co",24.67,24.6,23.83,25.129999,3993100
"49",2015-01-06,"ORLY","O'Reilly Automotive",189.729996,188.080002,186.570007,189.919998,898300
"50",2015-01-06,"ROP","Roper Industries",152.149994,149.910004,148.660004,152.369995,422500
"51",2015-01-06,"SBUX","Starbucks Corp.",80.339996,79.230003,78.559998,80.389999,7664400
"52",2015-01-06,"SNA","Snap-On Inc.",133.839996,133.429993,131.770004,134.570007,441500
"53",2015-01-06,"TDG","TransDigm Group",196.410004,196.949997,194.300003,197.770004,448100
"54",2015-01-06,"WDC","Western Digital",108.389999,106.540001,106.129997,109.339996,2014900
"55",2015-01-07,"ANTM","Anthem Inc.",125.139999,125.559998,125.139999,127.900002,1578500
"56",2015-01-07,"BEN","Franklin Resources",52.580002,53.290001,52.580002,53.41,1852900
"57",2015-01-07,"BLK","BlackRock",345.149994,349.339996,344.26001,349.980011,388300
"58",2015-01-07,"COL","Rockwell Collins",84.360001,84.919998,84.260002,85.139999,1450200
"59",2015-01-07,"CTAS","Cintas Corporation",77.639999,76.470001,76.309998,77.650002,837500
"60",2015-01-07,"FFIV","F5 Networks",127.550003,128.350006,127.260002,129.429993,666000
"61",2015-01-07,"FOX","Twenty-First Century Fox Class B",35.369999,33.959999,33.75,35.389999,7584100
"62",2015-01-07,"GPS","Gap (The)",42.279999,43.599998,41.91,43.639999,5200100
"63",2015-01-07,"HP","Helmerich & Payne",62.41,59.459999,58.400002,62.84,5164700
"64",2015-01-07,"HPQ","HP Inc.",39.539999,39.729998,39.229999,39.749998,23140500
"65",2015-01-07,"MKC","McCormick & Co.",72.779999,74.300003,72.540001,74.620003,1096100
"66",2015-01-07,"NFX","Newfield Exploration Co",24.940001,23.610001,23.389999,25.18,4912900
"67",2015-01-07,"ORLY","O'Reilly Automotive",189.169998,189.789993,187.979996,190.899994,939700
"68",2015-01-07,"ROP","Roper Industries",151.25,151.190002,149.960007,151.770004,421100
"69",2015-01-07,"SBUX","Starbucks Corp.",79.75,81.18,79.400002,81.230003,9732600
"70",2015-01-07,"SNA","Snap-On Inc.",134.149994,134.270004,133.5,135.070007,327100
"71",2015-01-07,"TDG","TransDigm Group",198.759995,199.559998,197.410004,200.339996,271100
"72",2015-01-07,"WDC","Western Digital",107.510002,108.139999,106.32,108.449997,1552700
"73",2015-01-08,"ANTM","Anthem Inc.",126.019997,131.550003,126.019997,131.800003,1967400
"74",2015-01-08,"BEN","Franklin Resources",53.650002,53.990002,53.25,54,3303200
"75",2015-01-08,"BLK","BlackRock",352.839996,353.420013,351.589996,354.649994,480600
"76",2015-01-08,"COL","Rockwell Collins",85.349998,85.849998,84.980003,86.029999,2587500
"77",2015-01-08,"CTAS","Cintas Corporation",77.459999,77.730003,77,78.029999,879700
"78",2015-01-08,"FFIV","F5 Networks",129.800003,129.649994,128.729996,131.070007,1092000
"79",2015-01-08,"FOX","Twenty-First Century Fox Class B",34.049999,34.119999,34,34.389999,7752400
"80",2015-01-08,"GPS","Gap (The)",43.799999,43.099998,42.73,43.849998,7792000
"81",2015-01-08,"HP","Helmerich & Payne",60.099998,60.799999,59.93,61.889999,4431900
"82",2015-01-08,"HPQ","HP Inc.",40.12,40.68,40.079999,40.889999,21644900
"83",2015-01-08,"MKC","McCormick & Co.",74.580002,75.519997,74.480003,75.639999,397800
"84",2015-01-08,"NFX","Newfield Exploration Co",23.639999,23.98,23.18,24.389999,7447300
"85",2015-01-08,"ORLY","O'Reilly Automotive",191.270004,193.240005,190.509995,194.369995,1285600
"86",2015-01-08,"ROP","Roper Industries",152.009995,152.210007,150.960007,153.139999,625200
"87",2015-01-08,"SBUX","Starbucks Corp.",82.330002,82.489998,82.019997,83.300003,13170600
"88",2015-01-08,"SNA","Snap-On Inc.",135.149994,137.330002,135.149994,137.5,273800
"89",2015-01-08,"TDG","TransDigm Group",201,202.899994,200.429993,203,232400
"90",2015-01-08,"WDC","Western Digital",109.239998,110.379997,109.239998,111.440002,2533100
"91",2015-01-09,"ANTM","Anthem Inc.",131.740005,129.800003,129.729996,131.740005,1387200
"92",2015-01-09,"BEN","Franklin Resources",54.060001,53.869999,53.150002,54.189999,2120300
"93",2015-01-09,"BLK","BlackRock",353.98999,349.230011,346.940002,354.519989,542500
"94",2015-01-09,"COL","Rockwell Collins",85.519997,84.790001,84.720001,85.779999,908000
"95",2015-01-09,"CTAS","Cintas Corporation",77.949997,77.120003,76.760002,77.970001,754500
"96",2015-01-09,"FFIV","F5 Networks",129.820007,129.889999,128.309998,130.550003,722500
"97",2015-01-09,"FOX","Twenty-First Century Fox Class B",34.189999,33.84,33.799999,34.310001,2404600
"98",2015-01-09,"GPS","Gap (The)",42.98,42.02,41.880001,42.990002,3819700
"99",2015-01-09,"HP","Helmerich & Payne",60.860001,60.799999,59.16,61.240002,3110000
"100",2015-01-09,"HPQ","HP Inc.",40.839999,40.67,40.219997,41.099998,21369000
"101",2015-01-09,"MKC","McCormick & Co.",75.57,74.629997,74.589996,75.720001,380900
"102",2015-01-09,"NFX","Newfield Exploration Co",24.25,24.5,23.59,24.709999,4499500
"103",2015-01-09,"ORLY","O'Reilly Automotive",191.039993,187.809998,187.619995,191.990005,1379400
"104",2015-01-09,"ROP","Roper Industries",152.589996,151.369995,150.940002,153.210007,302400
"105",2015-01-09,"SBUX","Starbucks Corp.",80.989998,79.790001,79.120003,81.510002,27556800
"106",2015-01-09,"SNA","Snap-On Inc.",137.580002,135.729996,135.630005,138.029999,227200
"107",2015-01-09,"TDG","TransDigm Group",203,201.320007,200.470001,203.460007,406700
"108",2015-01-09,"WDC","Western Digital",110.940002,112.220001,110.720001,113.879997,2189400
"109",2015-01-12,"ANTM","Anthem Inc.",130.440002,128.830002,128.190002,130.660004,1229700
"110",2015-01-12,"BEN","Franklin Resources",53.709999,52.779999,52.43,53.779999,1741200
"111",2015-01-12,"BLK","BlackRock",350.209991,346.929993,344.25,352.380005,331500
"112",2015-01-12,"COL","Rockwell Collins",85,84.150002,83.639999,85,641300
"113",2015-01-12,"CTAS","Cintas Corporation",77.050003,76.629997,75.900002,77.510002,604900
"114",2015-01-12,"FFIV","F5 Networks",130.449997,127.919998,127.379997,130.449997,665300
"115",2015-01-12,"FOX","Twenty-First Century Fox Class B",33.82,33.810001,33.330002,34.32,3949400
"116",2015-01-12,"GPS","Gap (The)",42.23,42.25,41.98,42.400002,2784400
"117",2015-01-12,"HP","Helmerich & Payne",59.669998,59.369999,58.189999,59.689999,2731000
"118",2015-01-12,"HPQ","HP Inc.",40.68,39.919997,39.769999,40.799998,19723900
"119",2015-01-12,"MKC","McCormick & Co.",73.959999,73.660004,73.459999,74.849998,425000
"120",2015-01-12,"NFX","Newfield Exploration Co",23.940001,22.73,22.48,24.049999,3784600
"121",2015-01-12,"ORLY","O'Reilly Automotive",186.940002,185.580002,184.410004,187.610001,1057600
"122",2015-01-12,"ROP","Roper Industries",151.960007,149.169998,148.910004,152.660004,425600
"123",2015-01-12,"SBUX","Starbucks Corp.",80.290001,80.230003,79.82,80.830002,10021400
"124",2015-01-12,"SNA","Snap-On Inc.",135.619995,134,133.559998,136.270004,281700
"125",2015-01-12,"TDG","TransDigm Group",201.669998,201.25,200,202.479996,256500
"126",2015-01-12,"WDC","Western Digital",111.449997,110.32,109.690002,111.779999,1516400
"127",2015-01-13,"ANTM","Anthem Inc.",130.119995,130.279999,128.899994,131.490005,1194800
"128",2015-01-13,"BEN","Franklin Resources",52.759998,52.25,51.889999,53.580002,2412200
"129",2015-01-13,"BLK","BlackRock",349.779999,347.980011,344.899994,354.48999,406700
"130",2015-01-13,"COL","Rockwell Collins",85.010002,84.419998,83.650002,85.639999,839600
"131",2015-01-13,"CTAS","Cintas Corporation",77.309998,77.510002,76.779999,78.040001,1416000
"132",2015-01-13,"FFIV","F5 Networks",128.669998,128.669998,127.489998,132.220001,848500
"133",2015-01-13,"FOX","Twenty-First Century Fox Class B",34.040001,33.560001,33.349998,34.540001,5092300
"134",2015-01-13,"GPS","Gap (The)",42.369999,41.59,41.52,42.779999,3375100
"135",2015-01-13,"HP","Helmerich & Payne",59.380001,61,59.080002,61.419998,2782600
"136",2015-01-13,"HPQ","HP Inc.",39.959997,39.809999,39.449998,40.67,25409000
"137",2015-01-13,"MKC","McCormick & Co.",74.059998,73.849998,73.129997,74.529999,704200
"138",2015-01-13,"NFX","Newfield Exploration Co",22.77,22.9,22.5,23.309999,3228500
"139",2015-01-13,"ORLY","O'Reilly Automotive",184.160004,182.75,181,186.589996,1154400
"140",2015-01-13,"ROP","Roper Industries",150.449997,148.830002,147.070007,151.789993,400600
"141",2015-01-13,"SBUX","Starbucks Corp.",81.480003,80.870003,80.129997,82.139999,11040800
"142",2015-01-13,"SNA","Snap-On Inc.",135.130005,133.869995,132.649994,136.529999,285500
"143",2015-01-13,"TDG","TransDigm Group",203.259995,204.029999,201.789993,205.380005,287600
"144",2015-01-13,"WDC","Western Digital",111,109.379997,108.739998,112.57,1603600
"145",2015-01-14,"ANTM","Anthem Inc.",128.679993,131.809998,127.849998,132.800003,3216700
"146",2015-01-14,"BEN","Franklin Resources",51.189999,51.490002,50.66,51.599998,2460100
"147",2015-01-14,"BLK","BlackRock",345.579987,345.75,340.51001,347.660004,717400
"148",2015-01-14,"COL","Rockwell Collins",83.620003,84.400002,83.300003,84.470001,608600
"149",2015-01-14,"CTAS","Cintas Corporation",77.32,77.57,77.080002,77.730003,1513600
"150",2015-01-14,"FFIV","F5 Networks",125.059998,125.599998,122.110001,126.050003,1372000
"151",2015-01-14,"FOX","Twenty-First Century Fox Class B",33.310001,33.299999,32.93,33.560001,3863600
"152",2015-01-14,"GPS","Gap (The)",41.110001,41.290001,40.900002,41.599998,3467100
"153",2015-01-14,"HP","Helmerich & Payne",60.349998,61.23,59.150002,61.349998,3183600
"154",2015-01-14,"HPQ","HP Inc.",39.489998,39.459998,38.79,39.529999,22832500
"155",2015-01-14,"MKC","McCormick & Co.",73.639999,73.860001,73.040001,73.93,695900
"156",2015-01-14,"NFX","Newfield Exploration Co",22.620001,24.190001,22.309999,24.24,4849800
"157",2015-01-14,"ORLY","O'Reilly Automotive",182.029999,182.460007,180.449997,183.240005,860200
"158",2015-01-14,"ROP","Roper Industries",146.869995,148.039993,146.210007,148.350006,478300
"159",2015-01-14,"SBUX","Starbucks Corp.",80.050003,80.419998,79.610001,80.779999,9290800
"160",2015-01-14,"SNA","Snap-On Inc.",132.770004,134.789993,132.639999,134.899994,390600
"161",2015-01-14,"TDG","TransDigm Group",201.419998,204.119995,201.419998,205.770004,348700
"162",2015-01-14,"WDC","Western Digital",109.309998,108.769997,107.57,109.669998,1330900
"163",2015-01-15,"ANTM","Anthem Inc.",132,134.089996,131.940002,134.929993,1964400
"164",2015-01-15,"BEN","Franklin Resources",51.57,50.990002,50.889999,51.919998,2018700
"165",2015-01-15,"BLK","BlackRock",349.070007,342.450012,340.570007,349.579987,661800
"166",2015-01-15,"COL","Rockwell Collins",84.400002,84.849998,84.400002,85.190002,1066000
"167",2015-01-15,"CTAS","Cintas Corporation",77.809998,77.660004,77.309998,78.260002,1271000
"168",2015-01-15,"FFIV","F5 Networks",126.599998,124.220001,124.110001,127.669998,869900
"169",2015-01-15,"FOX","Twenty-First Century Fox Class B",33.290001,33.119999,32.880001,33.580002,1865800
"170",2015-01-15,"GPS","Gap (The)",41.48,40.310001,40.259998,41.700001,4094500
"171",2015-01-15,"HP","Helmerich & Payne",62.080002,60.18,60.119999,62.5,2078000
"172",2015-01-15,"HPQ","HP Inc.",39.459998,38.189999,38.169999,39.639997,30338900
"173",2015-01-15,"MKC","McCormick & Co.",74.25,73.919998,73.730003,74.599998,724400
"174",2015-01-15,"NFX","Newfield Exploration Co",24.75,23.5,23.48,24.959999,4249000
"175",2015-01-15,"ORLY","O'Reilly Automotive",183.100006,179.960007,179.809998,183.949997,636200
"176",2015-01-15,"ROP","Roper Industries",148.039993,145.880005,145.380005,148.479996,732000
"177",2015-01-15,"SBUX","Starbucks Corp.",80.599998,79.580002,79.190002,80.900002,8126600
"178",2015-01-15,"SNA","Snap-On Inc.",134.789993,133.220001,133,135.759995,270300
"179",2015-01-15,"TDG","TransDigm Group",205,203.740005,202.679993,205,211800
"180",2015-01-15,"WDC","Western Digital",109.279999,104.699997,104.660004,109.389999,2172700
"181",2015-01-16,"ANTM","Anthem Inc.",133.75,136.009995,133.179993,136.259995,2317500
"182",2015-01-16,"BEN","Franklin Resources",50.779999,51.799999,50.490002,51.849998,2115200
"183",2015-01-16,"BLK","BlackRock",342.450012,348.070007,339.100006,348.609985,916300
"184",2015-01-16,"COL","Rockwell Collins",84.57,85.18,84.309998,85.300003,1270700
"185",2015-01-16,"CTAS","Cintas Corporation",77.760002,78.93,77.690002,78.949997,1242600
"186",2015-01-16,"FFIV","F5 Networks",124.459999,126.290001,123.970001,126.449997,790700
"187",2015-01-16,"FOX","Twenty-First Century Fox Class B",33.209999,33.59,33.029999,33.689999,3170900
"188",2015-01-16,"GPS","Gap (The)",40.02,40.5,39.279999,40.52,6189600
"189",2015-01-16,"HP","Helmerich & Payne",60.849998,63.470001,60.700001,63.689999,2019500
"190",2015-01-16,"HPQ","HP Inc.",37.879999,38.339997,37.579998,38.549996,28576200
"191",2015-01-16,"MKC","McCormick & Co.",74.010002,74.360001,73.620003,74.580002,746800
"192",2015-01-16,"NFX","Newfield Exploration Co",23.690001,25.879999,23.690001,25.969999,4604100
"193",2015-01-16,"ORLY","O'Reilly Automotive",179.509995,182.910004,179,182.990005,687200
"194",2015-01-16,"ROP","Roper Industries",145.300003,145.75,144.619995,145.940002,776300
"195",2015-01-16,"SBUX","Starbucks Corp.",79.260002,80.610001,79,80.779999,9015600
"196",2015-01-16,"SNA","Snap-On Inc.",133.039993,132.559998,131.100006,133.389999,458600
"197",2015-01-16,"TDG","TransDigm Group",202.949997,204,201.970001,204.990005,256600
"198",2015-01-16,"WDC","Western Digital",104.599998,106.370003,103.110001,106.580002,1877000
"199",2015-01-20,"ANTM","Anthem Inc.",136.940002,137.130005,135.830002,137.740005,2269100
"200",2015-01-20,"BEN","Franklin Resources",51.880001,51.580002,51.23,52.02,1853400
"201",2015-01-20,"BLK","BlackRock",350.01001,346.589996,344.670013,351.600006,939800
"202",2015-01-20,"COL","Rockwell Collins",86.470001,86,85.43,86.709999,1526600
"203",2015-01-20,"CTAS","Cintas Corporation",78.949997,78.790001,78.260002,79.239998,937600
"204",2015-01-20,"FFIV","F5 Networks",127.260002,126.25,125.199997,127.300003,1017400
"205",2015-01-20,"FOX","Twenty-First Century Fox Class B",33.650002,32.779999,32.68,33.799999,3852500
"206",2015-01-20,"GPS","Gap (The)",40.700001,40.419998,39.98,40.970001,4142000
"207",2015-01-20,"HP","Helmerich & Payne",63.450001,61.830002,60.84,63.450001,1731700
"208",2015-01-20,"HPQ","HP Inc.",38.439999,38.619998,38.109998,38.899998,22572700
"209",2015-01-20,"MKC","McCormick & Co.",74.559998,75.669998,74.290001,75.690002,775700
"210",2015-01-20,"NFX","Newfield Exploration Co",25.690001,26.280001,24.82,26.51,4658100
"211",2015-01-20,"ORLY","O'Reilly Automotive",183.699997,186.419998,182.580002,186.910004,974000
"212",2015-01-20,"ROP","Roper Industries",147.089996,146.039993,145.339996,147.279999,619800
"213",2015-01-20,"SBUX","Starbucks Corp.",80.800003,81.220001,80.330002,81.470001,10738400
"214",2015-01-20,"SNA","Snap-On Inc.",132.800003,132.75,131.229996,133.389999,240500
"215",2015-01-20,"TDG","TransDigm Group",204.889999,203.75,202.369995,204.889999,402000
"216",2015-01-20,"WDC","Western Digital",107.139999,106.589996,105.199997,107.139999,1401400
"217",2015-01-21,"ANTM","Anthem Inc.",136.860001,139.679993,136.669998,140.529999,2536700
"218",2015-01-21,"BEN","Franklin Resources",51.529999,52.07,51.080002,52.290001,2137400
"219",2015-01-21,"BLK","BlackRock",344.630005,349.5,342.51001,351,822300
"220",2015-01-21,"COL","Rockwell Collins",85.580002,85.599998,85.260002,86.080002,1348100
"221",2015-01-21,"CTAS","Cintas Corporation",78.519997,79.449997,78.370003,79.529999,781200
"222",2015-01-21,"FFIV","F5 Networks",126.75,125.949997,125.120003,127.669998,3366800
"223",2015-01-21,"FOX","Twenty-First Century Fox Class B",32.720001,32.650002,32.41,32.849998,3485400
"224",2015-01-21,"GPS","Gap (The)",40.389999,41.200001,40.32,41.310001,3069200
"225",2015-01-21,"HP","Helmerich & Payne",62.619999,63.919998,62.029999,64,1755100
"226",2015-01-21,"HPQ","HP Inc.",38.419999,38.569997,38.299997,38.969999,18478000
"227",2015-01-21,"MKC","McCormick & Co.",75.379997,74.980003,74.589996,75.620003,933700
"228",2015-01-21,"NFX","Newfield Exploration Co",26.67,28.09,26.549999,28.139999,5337600
"229",2015-01-21,"ORLY","O'Reilly Automotive",185.610001,184.970001,183.979996,186.419998,685900
"230",2015-01-21,"ROP","Roper Industries",145.429993,147.550003,145.429993,147.740005,376100
"231",2015-01-21,"SBUX","Starbucks Corp.",81.050003,81.290001,80.529999,81.629997,10844200
"232",2015-01-21,"SNA","Snap-On Inc.",132.220001,133.800003,131.649994,134.139999,298200
"233",2015-01-21,"TDG","TransDigm Group",203.5,205,203.050003,205.479996,254000
"234",2015-01-21,"WDC","Western Digital",106.050003,106.629997,105.699997,107.290001,1037900
"235",2015-01-22,"ANTM","Anthem Inc.",140.740005,142.860001,139.520004,143.380005,2329600
"236",2015-01-22,"BEN","Franklin Resources",52.529999,54.220001,51.98,54.470001,3242000
"237",2015-01-22,"BLK","BlackRock",354,360.790009,348.470001,362.040009,714600
"238",2015-01-22,"COL","Rockwell Collins",86.029999,86.980003,85.709999,87.139999,1680400
"239",2015-01-22,"CTAS","Cintas Corporation",79.68,79.830002,78.879997,79.940002,1750900
"240",2015-01-22,"FFIV","F5 Networks",108.650002,113.400002,108.599998,114.620003,9268900
"241",2015-01-22,"FOX","Twenty-First Century Fox Class B",32.869999,33.389999,32.68,33.490002,3847400
"242",2015-01-22,"GPS","Gap (The)",41.259998,42.110001,41.209999,42.25,2505200
"243",2015-01-22,"HP","Helmerich & Payne",64.279999,64.269997,62.740002,64.5,2072100
"244",2015-01-22,"HPQ","HP Inc.",38.919998,40.059999,38.579997,40.089999,25723300
"245",2015-01-22,"MKC","McCormick & Co.",75.410004,75.18,74.540001,75.529999,796500
"246",2015-01-22,"NFX","Newfield Exploration Co",28.309999,28.530001,27.440001,28.58,4997600
"247",2015-01-22,"ORLY","O'Reilly Automotive",185.350006,189.320007,184.639999,189.990005,554500
"248",2015-01-22,"ROP","Roper Industries",149.009995,150.229996,147.089996,150.470001,428200
"249",2015-01-22,"SBUX","Starbucks Corp.",81.360001,82.739998,80.889999,82.839996,23913000
"250",2015-01-22,"SNA","Snap-On Inc.",134.039993,134.880005,133.380005,135.289993,349100
"251",2015-01-22,"TDG","TransDigm Group",205.419998,206.039993,203.690002,206.649994,384700
"252",2015-01-22,"WDC","Western Digital",106.540001,105.290001,104.440002,106.68,3319400
"253",2015-01-23,"ANTM","Anthem Inc.",142.5,140.770004,140.440002,143.649994,1794300
"254",2015-01-23,"BEN","Franklin Resources",54.029999,53.310001,53.27,54.169998,1674200
"255",2015-01-23,"BLK","BlackRock",361.269989,355.119995,355.109985,361.720001,415000
"256",2015-01-23,"COL","Rockwell Collins",83.57,87.260002,83,87.940002,1947800
"257",2015-01-23,"CTAS","Cintas Corporation",79.629997,79.779999,79.300003,80.080002,861000
"258",2015-01-23,"FFIV","F5 Networks",113.150002,114.849998,112.5,115.300003,2103100
"259",2015-01-23,"FOX","Twenty-First Century Fox Class B",33.57,33.240002,32.889999,33.68,2082400
"260",2015-01-23,"GPS","Gap (The)",42.119999,42.200001,42.09,42.490002,2238300
"261",2015-01-23,"HP","Helmerich & Payne",64.120003,62.959999,62.66,65,2556900
"262",2015-01-23,"HPQ","HP Inc.",39.959997,40.079999,39.759999,40.249998,15726600
"263",2015-01-23,"MKC","McCormick & Co.",74.989998,74.18,74.080002,75.029999,703400
"264",2015-01-23,"NFX","Newfield Exploration Co",28.76,28.49,28.27,29.57,5072800
"265",2015-01-23,"ORLY","O'Reilly Automotive",189.270004,190.080002,188.369995,190.929993,494100
"266",2015-01-23,"ROP","Roper Industries",149.919998,149.699997,149.509995,151.259995,621000
"267",2015-01-23,"SBUX","Starbucks Corp.",86.5,88.220001,86.440002,88.699997,38107200
"268",2015-01-23,"SNA","Snap-On Inc.",134.929993,134.339996,134.190002,135.369995,219900
"269",2015-01-23,"TDG","TransDigm Group",206.259995,208.399994,206.25,209.039993,670300
"270",2015-01-23,"WDC","Western Digital",105.300003,106.099998,105.260002,107.040001,2250200
"271",2015-01-26,"ANTM","Anthem Inc.",140.600006,138.699997,138.009995,140.600006,2513100
"272",2015-01-26,"BEN","Franklin Resources",53.150002,54.18,53.040001,54.23,1567600
"273",2015-01-26,"BLK","BlackRock",354,357.390015,352.649994,358.450012,470000
"274",2015-01-26,"COL","Rockwell Collins",87.839996,87.150002,86.870003,88,722500
"275",2015-01-26,"CTAS","Cintas Corporation",80.419998,79.970001,79.489998,80.93,912000
"276",2015-01-26,"FFIV","F5 Networks",114.550003,114.300003,111.849998,114.870003,1497200
"277",2015-01-26,"FOX","Twenty-First Century Fox Class B",33.009998,33.419998,32.889999,33.439999,1246900
"278",2015-01-26,"GPS","Gap (The)",42.080002,42.369999,41.880001,42.529999,1938200
"279",2015-01-26,"HP","Helmerich & Payne",63.139999,64.239998,62.639999,64.279999,1451400
"280",2015-01-26,"HPQ","HP Inc.",39.739998,38.839997,38.689999,39.739998,24806800
"281",2015-01-26,"MKC","McCormick & Co.",74.059998,74.32,73.699997,74.650002,648100
"282",2015-01-26,"NFX","Newfield Exploration Co",28.709999,28.290001,27.639999,28.76,3507900
"283",2015-01-26,"ORLY","O'Reilly Automotive",189.600006,191.279999,188.820007,191.940002,552500
"284",2015-01-26,"ROP","Roper Industries",157.759995,155.699997,153.729996,161.850006,779400
"285",2015-01-26,"SBUX","Starbucks Corp.",88.089996,88.120003,87.410004,88.5,14098600
"286",2015-01-26,"SNA","Snap-On Inc.",133.960007,134.899994,133.559998,135.220001,258400
"287",2015-01-26,"TDG","TransDigm Group",208,208.570007,205.809998,208.75,636500
"288",2015-01-26,"WDC","Western Digital",101.470001,100.980003,96.699997,101.989998,5789500
"289",2015-01-27,"ANTM","Anthem Inc.",138.119995,137.779999,137.089996,138.970001,2393200
"290",2015-01-27,"BEN","Franklin Resources",53.470001,53.27,53.040001,53.73,1693700
"291",2015-01-27,"BLK","BlackRock",353.25,351.480011,350.779999,355,435800
"292",2015-01-27,"COL","Rockwell Collins",85.959999,86.279999,85.470001,87.080002,856500
"293",2015-01-27,"CTAS","Cintas Corporation",79.559998,79.879997,79.480003,80.459999,854500
"294",2015-01-27,"FFIV","F5 Networks",112.699997,113.190002,112.050003,114.629997,1201000
"295",2015-01-27,"FOX","Twenty-First Century Fox Class B",33.080002,32.990002,32.880001,33.330002,1735800
"296",2015-01-27,"GPS","Gap (The)",42.02,42.599998,41.869999,42.720001,2225500
"297",2015-01-27,"HP","Helmerich & Payne",63.810001,63.810001,63.040001,64.720001,2355500
"298",2015-01-27,"HPQ","HP Inc.",37.46,37.359999,36.719997,37.849998,37881000
"299",2015-01-27,"MKC","McCormick & Co.",73.599998,72.919998,72.800003,73.860001,1477300
"300",2015-01-27,"NFX","Newfield Exploration Co",28.120001,28.77,28.01,29.120001,2695700
"301",2015-01-27,"ORLY","O'Reilly Automotive",189.690002,190.970001,189.520004,191.800003,497100
"302",2015-01-27,"ROP","Roper Industries",153.889999,157.179993,153.229996,157.809998,721800
"303",2015-01-27,"SBUX","Starbucks Corp.",87.779999,88.339996,87.449997,89.209999,10994200
"304",2015-01-27,"SNA","Snap-On Inc.",133.520004,133.149994,132.25,134.179993,262900
"305",2015-01-27,"TDG","TransDigm Group",202.259995,203.649994,200,206.5,1032700
"306",2015-01-27,"WDC","Western Digital",99.089996,97.629997,97.230003,100.099998,3305000
"307",2015-01-28,"ANTM","Anthem Inc.",138.210007,133.580002,133.029999,139.279999,3475900
"308",2015-01-28,"BEN","Franklin Resources",53.650002,52.169998,52.150002,53.689999,1942500
"309",2015-01-28,"BLK","BlackRock",353.48999,345.029999,344.769989,354.709991,562200
"310",2015-01-28,"COL","Rockwell Collins",87.120003,86.260002,86.160004,87.360001,989400
"311",2015-01-28,"CTAS","Cintas Corporation",80.040001,78.349998,78.279999,80.339996,881100
"312",2015-01-28,"FFIV","F5 Networks",114.669998,112.839996,112.839996,115.139999,1895200
"313",2015-01-28,"FOX","Twenty-First Century Fox Class B",32.93,32.349998,32.299999,33.150002,2270900
"314",2015-01-28,"GPS","Gap (The)",42.779999,42.299999,42.209999,42.919998,3173500
"315",2015-01-28,"HP","Helmerich & Payne",63.720001,59.669998,59.259998,63.720001,4188900
"316",2015-01-28,"HPQ","HP Inc.",37.829998,37.16,37.109999,38.109998,23465100
"317",2015-01-28,"MKC","McCormick & Co.",70.839996,71.860001,70.730003,74.339996,1752400
"318",2015-01-28,"NFX","Newfield Exploration Co",28.43,27.43,27.25,28.43,3576200
"319",2015-01-28,"ORLY","O'Reilly Automotive",192.490005,191.270004,191.190002,194.289993,955900
"320",2015-01-28,"ROP","Roper Industries",158.419998,154.559998,153.949997,158.419998,488700
"321",2015-01-28,"SBUX","Starbucks Corp.",88.699997,87.57,87.489998,89.589996,11963200
"322",2015-01-28,"SNA","Snap-On Inc.",133.470001,132.020004,131.809998,134.289993,283900
"323",2015-01-28,"TDG","TransDigm Group",205.639999,203,202.429993,208.679993,461000
"324",2015-01-28,"WDC","Western Digital",104.230003,99.830002,99.639999,104.949997,5081900
"325",2015-01-29,"ANTM","Anthem Inc.",134.619995,137.100006,133.759995,137.369995,1950400
"326",2015-01-29,"BEN","Franklin Resources",52.110001,52.650002,51.759998,52.75,2384700
"327",2015-01-29,"BLK","BlackRock",345.790009,346.940002,342.769989,348.160004,593600
"328",2015-01-29,"COL","Rockwell Collins",86.230003,86.709999,85.279999,86.889999,771900
"329",2015-01-29,"CTAS","Cintas Corporation",78.18,79.879997,78.010002,80.040001,775000
"330",2015-01-29,"FFIV","F5 Networks",112.57,113.980003,111.620003,114.489998,1348700
"331",2015-01-29,"FOX","Twenty-First Century Fox Class B",32.290001,32.57,31.950001,32.75,2281600
"332",2015-01-29,"GPS","Gap (The)",42.27,42.299999,41.869999,42.599998,3983000
"333",2015-01-29,"HP","Helmerich & Payne",55.799999,57.459999,54,57.880001,6595000
"334",2015-01-29,"HPQ","HP Inc.",37.299998,37.739996,36.749998,37.889999,22355100
"335",2015-01-29,"MKC","McCormick & Co.",71.860001,72.599998,70.709999,72.660004,1071000
"336",2015-01-29,"NFX","Newfield Exploration Co",27.82,28.51,27.15,28.639999,4304600
"337",2015-01-29,"ORLY","O'Reilly Automotive",190.460007,192.649994,189.320007,192.740005,656800
"338",2015-01-29,"ROP","Roper Industries",154.190002,156.429993,154.039993,156.710007,598800
"339",2015-01-29,"SBUX","Starbucks Corp.",88.010002,89.050003,87.57,89.300003,12475800
"340",2015-01-29,"SNA","Snap-On Inc.",131.690002,135.240005,131.669998,135.419998,231100
"341",2015-01-29,"TDG","TransDigm Group",202.619995,206.199997,201.119995,207.070007,582000
"342",2015-01-29,"WDC","Western Digital",100.25,101.059998,98.82,101.510002,2533700
"343",2015-01-30,"ANTM","Anthem Inc.",135.410004,134.960007,134.139999,137.399994,2246200
"344",2015-01-30,"BEN","Franklin Resources",51.48,51.529999,50.630001,52.68,3167900
"345",2015-01-30,"BLK","BlackRock",345.089996,340.51001,340.269989,347.959991,663200
"346",2015-01-30,"COL","Rockwell Collins",85.75,85.620003,85.540001,86.489998,948600
"347",2015-01-30,"CTAS","Cintas Corporation",79.190002,78.699997,78.690002,79.82,933500
"348",2015-01-30,"FFIV","F5 Networks",113.230003,111.620003,111.379997,114.730003,1073600
"349",2015-01-30,"FOX","Twenty-First Century Fox Class B",32.360001,31.85,31.76,32.389999,2344100
"350",2015-01-30,"GPS","Gap (The)",41.990002,41.189999,41.150002,42.27,4750600
"351",2015-01-30,"HP","Helmerich & Payne",57.150002,59.560001,56.639999,60.630001,3929300
"352",2015-01-30,"HPQ","HP Inc.",37.42,36.129996,36.06,37.479997,38528300
"353",2015-01-30,"MKC","McCormick & Co.",72.029999,71.389999,71.18,72.209999,1104000
"354",2015-01-30,"NFX","Newfield Exploration Co",28.049999,29.780001,27.780001,30.26,4538900
"355",2015-01-30,"ORLY","O'Reilly Automotive",192.139999,187.360001,187.229996,192.660004,867400
"356",2015-01-30,"ROP","Roper Industries",154.860001,154.339996,153.899994,155.869995,503800
"357",2015-01-30,"SBUX","Starbucks Corp.",88.580002,87.529999,87.389999,88.940002,10070400
"358",2015-01-30,"SNA","Snap-On Inc.",134.539993,132.710007,132.470001,134.990005,348500
"359",2015-01-30,"TDG","TransDigm Group",205.259995,205.529999,203.100006,206.610001,420500
"360",2015-01-30,"WDC","Western Digital",99.870003,97.230003,96.959999,101.040001,2381000
"361",2015-02-02,"ANTM","Anthem Inc.",134.960007,135.5,132.940002,135.589996,1819000
"362",2015-02-02,"BEN","Franklin Resources",51.16,52.32,51.009998,52.380001,3061200
"363",2015-02-02,"BLK","BlackRock",342.369995,347.640015,339.440002,348.100006,610100
"364",2015-02-02,"COL","Rockwell Collins",85.900002,86.279999,84.709999,86.330002,750000
"365",2015-02-02,"CTAS","Cintas Corporation",78.779999,80.029999,77.959999,80.059998,548300
"366",2015-02-02,"FFIV","F5 Networks",110.290001,112.610001,110.099998,112.900002,1310400
"367",2015-02-02,"FOX","Twenty-First Century Fox Class B",31.889999,32.459999,31.530001,32.52,2337000
"368",2015-02-02,"GPS","Gap (The)",41.18,41.18,40.240002,41.369999,3621300
"369",2015-02-02,"HP","Helmerich & Payne",60.669998,63.700001,60.48,64,3757300
"370",2015-02-02,"HPQ","HP Inc.",36.259999,36.469998,35.439998,36.559999,34042000
"371",2015-02-02,"MKC","McCormick & Co.",71.43,72.620003,70.699997,72.669998,868200
"372",2015-02-02,"NFX","Newfield Exploration Co",30.129999,30.93,29.559999,30.940001,5025300
"373",2015-02-02,"ORLY","O'Reilly Automotive",187.699997,190.279999,184.759995,190.350006,832400
"374",2015-02-02,"ROP","Roper Industries",154.789993,157.300003,153.990005,157.339996,503800
"375",2015-02-02,"SBUX","Starbucks Corp.",87.68,87.989998,85.860001,88.089996,13638800
"376",2015-02-02,"SNA","Snap-On Inc.",131.199997,131.5,129.139999,131.619995,870300
"377",2015-02-02,"TDG","TransDigm Group",206.399994,206.960007,203.009995,207.259995,373700
"378",2015-02-02,"WDC","Western Digital",97.260002,98.419998,95.540001,98.5,2317800
"379",2015-02-03,"ANTM","Anthem Inc.",136.080002,136.960007,135.5,137.240005,1709700
"380",2015-02-03,"BEN","Franklin Resources",52.509998,53.57,52.34,53.619999,1865500
"381",2015-02-03,"BLK","BlackRock",348.059998,352.950012,348.059998,353.399994,655300
"382",2015-02-03,"COL","Rockwell Collins",86.779999,87.029999,86.169998,87.309998,963400
"383",2015-02-03,"CTAS","Cintas Corporation",80.669998,80.690002,79.779999,80.989998,928900
"384",2015-02-03,"FFIV","F5 Networks",112.610001,112.349998,110.839996,113.550003,1004200
"385",2015-02-03,"FOX","Twenty-First Century Fox Class B",34.009998,33.330002,32.5,34.009998,2628900
"386",2015-02-03,"GPS","Gap (The)",41.509998,42.200001,41.380001,42.299999,4584400
"387",2015-02-03,"HP","Helmerich & Payne",65.650002,67.849998,65.389999,68.07,5641800
"388",2015-02-03,"HPQ","HP Inc.",36.699997,37.769997,36.699997,37.799997,32171800
"389",2015-02-03,"MKC","McCormick & Co.",72.980003,73.419998,72.760002,73.43,554700
"390",2015-02-03,"NFX","Newfield Exploration Co",31.1,32.18,31.02,32.540001,6198500
"391",2015-02-03,"ORLY","O'Reilly Automotive",191.649994,193.279999,188.869995,193.789993,1034700
"392",2015-02-03,"ROP","Roper Industries",157.039993,159.660004,157.039993,159.720001,568100
"393",2015-02-03,"SBUX","Starbucks Corp.",87.980003,88.489998,86.93,88.489998,9252400
"394",2015-02-03,"SNA","Snap-On Inc.",131.949997,133.190002,131.720001,133.360001,431100
"395",2015-02-03,"TDG","TransDigm Group",208.059998,207.800003,206.229996,209.029999,404100
"396",2015-02-03,"WDC","Western Digital",98.459999,100.690002,97.389999,100.75,2227000
"397",2015-02-04,"ANTM","Anthem Inc.",136.490005,137.649994,135.399994,138.669998,1674500
"398",2015-02-04,"BEN","Franklin Resources",53.189999,52.939999,52.860001,53.52,1621800
"399",2015-02-04,"BLK","BlackRock",346.540009,350.779999,344.950012,354.329987,543800
"400",2015-02-04,"COL","Rockwell Collins",86.68,87.290001,86.599998,87.739998,928800
"401",2015-02-04,"CTAS","Cintas Corporation",80.760002,80.010002,79.739998,81.400002,760100
"402",2015-02-04,"FFIV","F5 Networks",112.18,110.099998,109.720001,112.620003,1627100
"403",2015-02-04,"FOX","Twenty-First Century Fox Class B",33.330002,33.43,32.939999,33.810001,4192700
"404",2015-02-04,"GPS","Gap (The)",41.889999,42.189999,41.830002,42.5,2670400
"405",2015-02-04,"HP","Helmerich & Payne",66.029999,65.720001,64.199997,68.440002,5031500
"406",2015-02-04,"HPQ","HP Inc.",37.609999,37.899999,37.609999,38.289997,23076200
"407",2015-02-04,"MKC","McCormick & Co.",73.32,73.690002,73.169998,74.160004,686800
"408",2015-02-04,"NFX","Newfield Exploration Co",31.370001,30.99,30.42,31.969999,4398100
"409",2015-02-04,"ORLY","O'Reilly Automotive",193.190002,192.710007,191.059998,193.300003,1058100
"410",2015-02-04,"ROP","Roper Industries",158.899994,158.119995,157.690002,159.649994,422700
"411",2015-02-04,"SBUX","Starbucks Corp.",88,88.699997,87.989998,89.43,11496600
"412",2015-02-04,"SNA","Snap-On Inc.",132.929993,131.449997,130.770004,132.940002,591800
"413",2015-02-04,"TDG","TransDigm Group",207.479996,209.679993,206.520004,211.690002,292400
"414",2015-02-04,"WDC","Western Digital",100.690002,104.040001,100.650002,105.239998,4537800
"415",2015-02-05,"ANTM","Anthem Inc.",135.5,137.229996,135.399994,138.369995,2314600
"416",2015-02-05,"BEN","Franklin Resources",53.380001,53.450001,53.099998,53.529999,1524400
"417",2015-02-05,"BLK","BlackRock",352.339996,358.820007,352.01001,359.820007,743600
"418",2015-02-05,"COL","Rockwell Collins",87.470001,87.370003,86.830002,87.699997,736000
"419",2015-02-05,"CTAS","Cintas Corporation",80.410004,80.5,80.279999,80.809998,417000
"420",2015-02-05,"FFIV","F5 Networks",110.040001,111.080002,109.190002,111.220001,1351800
"421",2015-02-05,"FOX","Twenty-First Century Fox Class B",31.77,31.780001,31.5,32.130001,9934400
"422",2015-02-05,"GPS","Gap (The)",42.240002,41.5,41.470001,42.439999,4481000
"423",2015-02-05,"HP","Helmerich & Payne",66.900002,67.080002,65.010002,67.309998,3404300
"424",2015-02-05,"HPQ","HP Inc.",37.97,37.95,37.799997,38.179999,13901400
"425",2015-02-05,"MKC","McCormick & Co.",73.800003,73.919998,73.419998,74.010002,467100
"426",2015-02-05,"NFX","Newfield Exploration Co",31.66,30.889999,30.6,32.049999,5097600
"427",2015-02-05,"ORLY","O'Reilly Automotive",201.720001,208.240005,200.869995,214.149994,2992200
"428",2015-02-05,"ROP","Roper Industries",158.119995,162.110001,157.880005,162.529999,669100
"429",2015-02-05,"SBUX","Starbucks Corp.",88.709999,89.639999,88.709999,89.769997,7598600
"430",2015-02-05,"SNA","Snap-On Inc.",135.839996,139.669998,135.839996,141.199997,1141300
"431",2015-02-05,"TDG","TransDigm Group",210.619995,211.020004,208.899994,211.520004,302600
"432",2015-02-05,"WDC","Western Digital",103.849998,104.110001,103.209999,104.919998,1603100
"433",2015-02-06,"ANTM","Anthem Inc.",136.949997,135.690002,135.089996,137.229996,2244600
"434",2015-02-06,"BEN","Franklin Resources",53.610001,53.48,53.310001,54,1743500
"435",2015-02-06,"BLK","BlackRock",362.25,362.429993,360.149994,367.470001,653700
"436",2015-02-06,"COL","Rockwell Collins",87.709999,87.349998,87.129997,88.209999,633700
"437",2015-02-06,"CTAS","Cintas Corporation",80.489998,80.040001,79.790001,80.830002,447500
"438",2015-02-06,"FFIV","F5 Networks",111.239998,111.989998,110.589996,112.800003,1087800
"439",2015-02-06,"FOX","Twenty-First Century Fox Class B",31.950001,32.57,31.74,32.830002,5305900
"440",2015-02-06,"GPS","Gap (The)",41.810001,41.790001,41.389999,42.119999,3151900
"441",2015-02-06,"HP","Helmerich & Payne",67.639999,68.019997,66.360001,68.699997,2728100
"442",2015-02-06,"HPQ","HP Inc.",37.94,37.95,37.829998,38.649998,18456200
"443",2015-02-06,"MKC","McCormick & Co.",73.900002,74.339996,73.540001,74.760002,813400
"444",2015-02-06,"NFX","Newfield Exploration Co",31.24,30.790001,30.32,31.48,3533800
"445",2015-02-06,"ORLY","O'Reilly Automotive",209.220001,206.779999,205.399994,209.910004,1316800
"446",2015-02-06,"ROP","Roper Industries",162.800003,161.119995,160.600006,162.990005,335100
"447",2015-02-06,"SBUX","Starbucks Corp.",89.5,89,88.68,89.68,7835400
"448",2015-02-06,"SNA","Snap-On Inc.",141,140.990005,139.919998,141.660004,610700
"449",2015-02-06,"TDG","TransDigm Group",210.110001,212.110001,210.110001,212.330002,362700
"450",2015-02-06,"WDC","Western Digital",104.25,103.400002,103.120003,106.160004,1736500
"451",2015-02-09,"ANTM","Anthem Inc.",134.789993,134.880005,134.380005,135.690002,1744400
"452",2015-02-09,"BEN","Franklin Resources",53.169998,53.040001,52.82,53.369999,1683300
"453",2015-02-09,"BLK","BlackRock",360.029999,360.869995,358.829987,362.589996,402500
"454",2015-02-09,"COL","Rockwell Collins",87.150002,87.779999,87.150002,88.199997,1248200
"455",2015-02-09,"CTAS","Cintas Corporation",80,79.669998,79.459999,80.309998,277000
"456",2015-02-09,"FFIV","F5 Networks",111.779999,110.449997,110.349998,112.489998,831500
"457",2015-02-09,"FOX","Twenty-First Century Fox Class B",32.560001,33,32.32,33.18,4133500
"458",2015-02-09,"GPS","Gap (The)",41.48,41.099998,41,41.799999,3939900
"459",2015-02-09,"HP","Helmerich & Payne",68.760002,69.580002,68.559998,70.279999,2792600
"460",2015-02-09,"HPQ","HP Inc.",37.829998,37.639999,37.309998,37.839998,17545900
"461",2015-02-09,"MKC","McCormick & Co.",74.129997,73.769997,73.459999,74.309998,512100
"462",2015-02-09,"NFX","Newfield Exploration Co",31.02,30.559999,30.379999,31.68,3287300
"463",2015-02-09,"ORLY","O'Reilly Automotive",205.660004,205.070007,204.309998,206.279999,757500
"464",2015-02-09,"ROP","Roper Industries",160.639999,161.899994,160.639999,162.990005,459200
"465",2015-02-09,"SBUX","Starbucks Corp.",88.510002,88.82,88.139999,89.209999,6911600
"466",2015-02-09,"SNA","Snap-On Inc.",141,140.899994,140.589996,142.5,512000
"467",2015-02-09,"TDG","TransDigm Group",211.139999,207.869995,207.630005,212.149994,440900
"468",2015-02-09,"WDC","Western Digital",103.230003,102.599998,102.269997,103.529999,963600
"469",2015-02-10,"ANTM","Anthem Inc.",136.380005,138.740005,135.610001,139.039993,2100200
"470",2015-02-10,"BEN","Franklin Resources",53.400002,53.540001,52.84,53.73,1700900
"471",2015-02-10,"BLK","BlackRock",365,370.670013,364.339996,372.049988,726700
"472",2015-02-10,"COL","Rockwell Collins",88.230003,88.529999,87.82,88.709999,878800
"473",2015-02-10,"CTAS","Cintas Corporation",80.400002,80.580002,79.449997,80.629997,420900
"474",2015-02-10,"FFIV","F5 Networks",111.199997,112.860001,110.529999,113.309998,1150500
"475",2015-02-10,"FOX","Twenty-First Century Fox Class B",33.16,33.259998,32.849998,33.450001,4622300
"476",2015-02-10,"GPS","Gap (The)",41.240002,40.779999,40.360001,41.43,6210800
"477",2015-02-10,"HP","Helmerich & Payne",68.940002,66.349998,65.349998,68.940002,4100000
"478",2015-02-10,"HPQ","HP Inc.",37.889999,37.889999,37.659999,38.309997,17134800
"479",2015-02-10,"MKC","McCormick & Co.",73.910004,74.309998,73.690002,74.669998,291400
"480",2015-02-10,"NFX","Newfield Exploration Co",30.200001,30.18,28.959999,30.33,4403000
"481",2015-02-10,"ORLY","O'Reilly Automotive",204.399994,206.029999,203.660004,206.479996,695700
"482",2015-02-10,"ROP","Roper Industries",163.050003,163.380005,162.289993,163.470001,390500
"483",2015-02-10,"SBUX","Starbucks Corp.",89.370003,91.18,89.330002,91.379997,12469600
"484",2015-02-10,"SNA","Snap-On Inc.",141.899994,142.199997,140.690002,142.339996,344400
"485",2015-02-10,"TDG","TransDigm Group",208.520004,207.899994,207.100006,210.130005,383600
"486",2015-02-10,"WDC","Western Digital",103.18,104.080002,101.639999,104.129997,1301000
"487",2015-02-11,"ANTM","Anthem Inc.",138.600006,141.490005,138.559998,141.720001,2104400
"488",2015-02-11,"BEN","Franklin Resources",53.48,53.400002,53.02,53.59,1140800
"489",2015-02-11,"BLK","BlackRock",369.549988,369.899994,367.290009,372.25,461300
"490",2015-02-11,"COL","Rockwell Collins",88.18,88.029999,87.599998,88.629997,446100
"491",2015-02-11,"CTAS","Cintas Corporation",80.339996,80.940002,80.050003,81.139999,515600
"492",2015-02-11,"FFIV","F5 Networks",113.120003,113.769997,112.440002,114.559998,1100700
"493",2015-02-11,"FOX","Twenty-First Century Fox Class B",33.099998,33.57,33.009998,33.580002,7070400
"494",2015-02-11,"GPS","Gap (The)",40.84,41.240002,40.630001,41.48,3986900
"495",2015-02-11,"HP","Helmerich & Payne",64.150002,65.309998,63.759998,65.800003,1996400
"496",2015-02-11,"HPQ","HP Inc.",37.889999,38.179999,37.879999,38.439999,17514000
"497",2015-02-11,"MKC","McCormick & Co.",74.349998,73.970001,73.400002,74.669998,418500
"498",2015-02-11,"NFX","Newfield Exploration Co",29.34,29.91,28.68,30.18,3085900
"499",2015-02-11,"ORLY","O'Reilly Automotive",206.240005,207.449997,205.759995,208.240005,484200
"500",2015-02-11,"ROP","Roper Industries",163.419998,163.380005,162.820007,164.220001,316600
"501",2015-02-11,"SBUX","Starbucks Corp.",91.160004,90.790001,90.709999,91.790001,6467000
"502",2015-02-11,"SNA","Snap-On Inc.",142.210007,142.770004,141.309998,143.169998,437400
"503",2015-02-11,"TDG","TransDigm Group",208.080002,206.869995,206.300003,209.059998,412100
"504",2015-02-11,"WDC","Western Digital",104,106.089996,103.730003,106.209999,1872600
"505",2015-02-12,"ANTM","Anthem Inc.",142.559998,142,140.779999,142.559998,1515800
"506",2015-02-12,"BEN","Franklin Resources",53.669998,53.68,53.380001,53.830002,1153500
"507",2015-02-12,"BLK","BlackRock",370,374.880005,370,375.459991,444700
"508",2015-02-12,"COL","Rockwell Collins",88.25,88.57,87.849998,88.889999,753900
"509",2015-02-12,"CTAS","Cintas Corporation",81.169998,82.209999,80.800003,82.220001,527900
"510",2015-02-12,"FFIV","F5 Networks",114.709999,115.269997,114.040001,115.779999,1050800
"511",2015-02-12,"FOX","Twenty-First Century Fox Class B",33.66,33.32,33.16,33.759998,2616900
"512",2015-02-12,"GPS","Gap (The)",41.52,41.57,41.049999,41.77,4383200
"513",2015-02-12,"HP","Helmerich & Payne",66.470001,65.959999,65.730003,67.75,1829800
"514",2015-02-12,"HPQ","HP Inc.",38.439999,38.369998,38.23,38.849997,20244300
"515",2015-02-12,"MKC","McCormick & Co.",73.720001,74.309998,73.599998,74.339996,460500
"516",2015-02-12,"NFX","Newfield Exploration Co",30.620001,30.889999,30.280001,31.110001,2583200
"517",2015-02-12,"ORLY","O'Reilly Automotive",207.570007,206.570007,206,208.050003,614800
"518",2015-02-12,"ROP","Roper Industries",163.839996,165.070007,163.520004,165.130005,394300
"519",2015-02-12,"SBUX","Starbucks Corp.",91.089996,91.830002,90.089996,91.940002,7197600
"520",2015-02-12,"SNA","Snap-On Inc.",143.490005,144.690002,143.380005,144.789993,260500
"521",2015-02-12,"TDG","TransDigm Group",207.940002,206.660004,206.039993,208.600006,384500
"522",2015-02-12,"WDC","Western Digital",106.400002,107.190002,106.110001,107.910004,1718200
"523",2015-02-13,"ANTM","Anthem Inc.",141.369995,141.050003,140.679993,141.740005,1446300
"524",2015-02-13,"BEN","Franklin Resources",53.799999,53.91,53.610001,54.16,1285000
"525",2015-02-13,"BLK","BlackRock",374.890015,376.040009,373.799988,378.029999,553700
"526",2015-02-13,"COL","Rockwell Collins",88.43,88.809998,88.300003,89.019997,535400
"527",2015-02-13,"CTAS","Cintas Corporation",82.230003,81.639999,81.330002,82.510002,435700
"528",2015-02-13,"FFIV","F5 Networks",115.5,116.639999,114.720001,116.82,778400
"529",2015-02-13,"FOX","Twenty-First Century Fox Class B",33.740002,33.66,33.299999,33.860001,3241300
"530",2015-02-13,"GPS","Gap (The)",40.939999,41.200001,40.880001,41.490002,3956200
"531",2015-02-13,"HP","Helmerich & Payne",67.199997,69.580002,67.169998,69.629997,2555100
"532",2015-02-13,"HPQ","HP Inc.",38.289997,38.559997,38.139998,38.579997,14600300
"533",2015-02-13,"MKC","McCormick & Co.",73.959999,74.639999,73.730003,74.760002,456100
"534",2015-02-13,"NFX","Newfield Exploration Co",31.379999,32.240002,31.25,32.470001,4031700
"535",2015-02-13,"ORLY","O'Reilly Automotive",206.380005,205.550003,205.009995,207.080002,540300
"536",2015-02-13,"ROP","Roper Industries",166.279999,166.229996,165.490005,167.479996,518500
"537",2015-02-13,"SBUX","Starbucks Corp.",91.989998,91.580002,90.910004,91.989998,6109600
"538",2015-02-13,"SNA","Snap-On Inc.",144.410004,145.399994,144.100006,145.970001,385200
"539",2015-02-13,"TDG","TransDigm Group",206.309998,208.619995,206.309998,208.860001,285300
"540",2015-02-13,"WDC","Western Digital",107.959999,107.610001,107.050003,108.860001,1246800
"541",2015-02-17,"ANTM","Anthem Inc.",140.559998,141.759995,140,141.940002,1091000
"542",2015-02-17,"BEN","Franklin Resources",53.869999,54.110001,53.689999,54.18,1257800
"543",2015-02-17,"BLK","BlackRock",379.51001,380.329987,377.799988,382.839996,1122400
"544",2015-02-17,"COL","Rockwell Collins",88.580002,88.809998,88.239998,88.900002,715500
"545",2015-02-17,"CTAS","Cintas Corporation",82.360001,81.860001,81.529999,82.43,345100
"546",2015-02-17,"FFIV","F5 Networks",116.870003,116.43,115.050003,117.599998,894600
"547",2015-02-17,"FOX","Twenty-First Century Fox Class B",33.650002,34,33.439999,34,2375800
"548",2015-02-17,"GPS","Gap (The)",41.060001,40.91,40.400002,41.189999,4016800
"549",2015-02-17,"HP","Helmerich & Payne",69.080002,71.139999,68.080002,71.550003,2405700
"550",2015-02-17,"HPQ","HP Inc.",38.549996,38.53,38.299997,38.859997,16668900
"551",2015-02-17,"MKC","McCormick & Co.",74.620003,74.57,73.970001,74.93,572300
"552",2015-02-17,"NFX","Newfield Exploration Co",32,33.09,31.950001,33.459999,3995000
"553",2015-02-17,"ORLY","O'Reilly Automotive",205.210007,205.699997,203.889999,206.320007,496100
"554",2015-02-17,"ROP","Roper Industries",165.589996,167.820007,165.300003,168.300003,586300
"555",2015-02-17,"SBUX","Starbucks Corp.",91.769997,92.029999,91.260002,92.239998,6387000
"556",2015-02-17,"SNA","Snap-On Inc.",145.460007,145.429993,144.259995,145.910004,271500
"557",2015-02-17,"TDG","TransDigm Group",208.580002,208.179993,207.389999,208.960007,292500
"558",2015-02-17,"WDC","Western Digital",105.5,106.769997,105.5,107.230003,1302800
"559",2015-02-18,"ANTM","Anthem Inc.",141.759995,141.839996,141.039993,142.770004,1300000
"560",2015-02-18,"BEN","Franklin Resources",53.900002,53.77,53.540001,54.169998,1150700
"561",2015-02-18,"BLK","BlackRock",380.540009,377.859985,376.790009,381.170013,583200
"562",2015-02-18,"COL","Rockwell Collins",88.809998,89.470001,88.599998,89.480003,490500
"563",2015-02-18,"CTAS","Cintas Corporation",81.730003,81.900002,81.32,82.029999,318500
"564",2015-02-18,"FFIV","F5 Networks",116.440002,117.620003,115.889999,118.080002,892100
"565",2015-02-18,"FOX","Twenty-First Century Fox Class B",34.240002,33.619999,33.529999,34.389999,3206900
"566",2015-02-18,"GPS","Gap (The)",40.919998,40.650002,40.400002,40.950001,2917700
"567",2015-02-18,"HP","Helmerich & Payne",69.629997,70.720001,68.949997,70.800003,2059200
"568",2015-02-18,"HPQ","HP Inc.",38.579997,38.149999,37.909999,38.579997,18160300
"569",2015-02-18,"MKC","McCormick & Co.",74.279999,75.769997,74.099998,75.970001,573300
"570",2015-02-18,"NFX","Newfield Exploration Co",32.630001,32.849998,32.080002,33.209999,3674700
"571",2015-02-18,"ORLY","O'Reilly Automotive",206.070007,205.779999,204.320007,206.490005,298800
"572",2015-02-18,"ROP","Roper Industries",167.910004,168.169998,167.509995,168.610001,321900
"573",2015-02-18,"SBUX","Starbucks Corp.",92.389999,93,92,93.330002,6542000
"574",2015-02-18,"SNA","Snap-On Inc.",145,145.389999,144.399994,145.929993,333800
"575",2015-02-18,"TDG","TransDigm Group",208.25,209.119995,207.729996,209.580002,276300
"576",2015-02-18,"WDC","Western Digital",106.830002,109,105.129997,109.050003,2778100
"577",2015-02-19,"ANTM","Anthem Inc.",141.990005,142.649994,141.690002,142.899994,1191700
"578",2015-02-19,"BEN","Franklin Resources",53.669998,53.860001,53.450001,54.02,1493300
"579",2015-02-19,"BLK","BlackRock",376.690002,377.609985,376.049988,379.429993,498700
"580",2015-02-19,"COL","Rockwell Collins",89.5,89.809998,89.150002,89.849998,675500
"581",2015-02-19,"CTAS","Cintas Corporation",81.879997,81.989998,81.690002,82.199997,363200
"582",2015-02-19,"FFIV","F5 Networks",117.209999,118.32,116.370003,118.839996,671300
"583",2015-02-19,"FOX","Twenty-First Century Fox Class B",33.75,33.849998,33.490002,33.889999,1546600
"584",2015-02-19,"GPS","Gap (The)",40.709999,41.07,40.709999,41.139999,3274800
"585",2015-02-19,"HP","Helmerich & Payne",68.540001,70.239998,68.32,71.550003,2206500
"586",2015-02-19,"HPQ","HP Inc.",38.149999,38.379998,37.849998,38.399998,12622300
"587",2015-02-19,"MKC","McCormick & Co.",75.629997,75.290001,75.089996,75.739998,372100
"588",2015-02-19,"NFX","Newfield Exploration Co",31.809999,32.779999,31.23,33.029999,2470400
"589",2015-02-19,"ORLY","O'Reilly Automotive",206.059998,204.910004,204.089996,206.679993,383100
"590",2015-02-19,"ROP","Roper Industries",167.110001,167.399994,166.960007,168.029999,291600
"591",2015-02-19,"SBUX","Starbucks Corp.",93.150002,93.169998,93.010002,93.779999,6109200
"592",2015-02-19,"SNA","Snap-On Inc.",144.970001,145.539993,144.479996,145.75,209600
"593",2015-02-19,"TDG","TransDigm Group",209.429993,211.979996,208.589996,212.289993,247900
"594",2015-02-19,"WDC","Western Digital",109.18,109.839996,108.730003,109.879997,2792100
"595",2015-02-20,"ANTM","Anthem Inc.",141.880005,144.589996,141.800003,144.740005,1622100
"596",2015-02-20,"BEN","Franklin Resources",53.57,54.16,53.290001,54.220001,2102500
"597",2015-02-20,"BLK","BlackRock",375.720001,376.640015,373.149994,377.670013,774200
"598",2015-02-20,"COL","Rockwell Collins",89.639999,90.860001,89.489998,90.860001,639400
"599",2015-02-20,"CTAS","Cintas Corporation",81.739998,82.470001,80.790001,82.629997,474300
"600",2015-02-20,"FFIV","F5 Networks",117.949997,119.360001,117.18,119.82,739800
"601",2015-02-20,"FOX","Twenty-First Century Fox Class B",33.950001,34.279999,33.630001,34.279999,1493000
"602",2015-02-20,"GPS","Gap (The)",41.16,41,40.740002,41.259998,3624200
"603",2015-02-20,"HP","Helmerich & Payne",70.370003,69.730003,69.040001,70.75,1484500
"604",2015-02-20,"HPQ","HP Inc.",38.339997,38.389998,37.829998,38.49,16555200
"605",2015-02-20,"MKC","McCormick & Co.",75.220001,75.839996,74.660004,75.889999,529000
"606",2015-02-20,"NFX","Newfield Exploration Co",32.830002,32.09,31.690001,33.130001,2768900
"607",2015-02-20,"ORLY","O'Reilly Automotive",205.270004,205.839996,203.169998,206.639999,468100
"608",2015-02-20,"ROP","Roper Industries",167.179993,168.300003,165.460007,168.639999,268800
"609",2015-02-20,"SBUX","Starbucks Corp.",93.459999,93.510002,92.970001,93.669998,6461400
"610",2015-02-20,"SNA","Snap-On Inc.",144.729996,146.059998,143.100006,146.179993,247800
"611",2015-02-20,"TDG","TransDigm Group",212.020004,213.729996,210.850006,213.770004,272400
"612",2015-02-20,"WDC","Western Digital",109.709999,111.309998,108.169998,111.529999,2268100
"613",2015-02-23,"ANTM","Anthem Inc.",145.5,147.350006,145.300003,147.479996,2218800
"614",2015-02-23,"BEN","Franklin Resources",54.080002,53.939999,53.73,54.080002,1432400
"615",2015-02-23,"BLK","BlackRock",377.170013,376.429993,373.700012,378,443600
"616",2015-02-23,"COL","Rockwell Collins",90.169998,91,90.129997,91,663400
"617",2015-02-23,"CTAS","Cintas Corporation",82.5,82.690002,81.860001,82.730003,467500
"618",2015-02-23,"FFIV","F5 Networks",119.82,118.529999,117.849998,119.82,671300
"619",2015-02-23,"FOX","Twenty-First Century Fox Class B",34.330002,34.400002,34.009998,34.450001,2049800
"620",2015-02-23,"GPS","Gap (The)",41.16,40.299999,40.220001,41.259998,5800400
"621",2015-02-23,"HP","Helmerich & Payne",68.639999,67.599998,66.949997,69.059998,2799000
"622",2015-02-23,"HPQ","HP Inc.",38.48,38.189999,37.919999,38.5,21905200
"623",2015-02-23,"MKC","McCormick & Co.",75.830002,75.379997,75.120003,75.989998,313300
"624",2015-02-23,"NFX","Newfield Exploration Co",31.59,31.709999,31.48,32.360001,3206400
"625",2015-02-23,"ORLY","O'Reilly Automotive",206.149994,208.520004,205.740005,208.679993,689200
"626",2015-02-23,"ROP","Roper Industries",168.210007,168.410004,167.720001,168.880005,368200
"627",2015-02-23,"SBUX","Starbucks Corp.",93.849998,93.580002,93.080002,93.93,5854600
"628",2015-02-23,"SNA","Snap-On Inc.",146.020004,145.809998,145.070007,146.160004,179700
"629",2015-02-23,"TDG","TransDigm Group",215.770004,222.820007,215.570007,224.580002,807500
"630",2015-02-23,"WDC","Western Digital",111.650002,111.089996,110.220001,111.839996,1760200
"631",2015-02-24,"ANTM","Anthem Inc.",147.350006,147.279999,147,148.759995,1998200
"632",2015-02-24,"BEN","Franklin Resources",53.970001,53.84,53.779999,54.25,3683200
"633",2015-02-24,"BLK","BlackRock",377.709991,378.109985,377,379.880005,451700
"634",2015-02-24,"COL","Rockwell Collins",90.980003,91.419998,90.5,91.709999,801500
"635",2015-02-24,"CTAS","Cintas Corporation",82.5,83.169998,82.360001,83.339996,559600
"636",2015-02-24,"FFIV","F5 Networks",118.529999,119.599998,118,119.730003,741900
"637",2015-02-24,"FOX","Twenty-First Century Fox Class B",34.169998,34.060001,34.060001,34.57,2154000
"638",2015-02-24,"GPS","Gap (The)",40.25,39.950001,39.700001,40.380001,4567300
"639",2015-02-24,"HP","Helmerich & Payne",68.220001,67.300003,66.160004,68.480003,2371700
"640",2015-02-24,"HPQ","HP Inc.",38.24,38.49,38.009996,38.709999,35894300
"641",2015-02-24,"MKC","McCormick & Co.",75.239998,75.410004,74.660004,75.589996,479500
"642",2015-02-24,"NFX","Newfield Exploration Co",32.099998,31.67,31.370001,32.400002,3360200
"643",2015-02-24,"ORLY","O'Reilly Automotive",208.210007,207.539993,206.860001,209.550003,436000
"644",2015-02-24,"ROP","Roper Industries",168.029999,167.869995,166.889999,168.110001,237600
"645",2015-02-24,"SBUX","Starbucks Corp.",93.260002,93.449997,93.160004,93.989998,6337800
"646",2015-02-24,"SNA","Snap-On Inc.",145.5,146.789993,145.210007,147.229996,305500
"647",2015-02-24,"TDG","TransDigm Group",222.320007,225.270004,222.320007,225.820007,731200
"648",2015-02-24,"WDC","Western Digital",110.599998,108.970001,107.980003,110.830002,1651500
"649",2015-02-25,"ANTM","Anthem Inc.",147.5,146.970001,146.559998,148,1228600
"650",2015-02-25,"BEN","Franklin Resources",53.889999,54.23,53.869999,54.459999,2860800
"651",2015-02-25,"BLK","BlackRock",377.73999,375.920013,375.559998,378.649994,443200
"652",2015-02-25,"COL","Rockwell Collins",91.550003,89.919998,89.699997,91.550003,757100
"653",2015-02-25,"CTAS","Cintas Corporation",83.379997,83.699997,83.010002,84.080002,518400
"654",2015-02-25,"FFIV","F5 Networks",119.389999,118.830002,118.239998,120.660004,919300
"655",2015-02-25,"FOX","Twenty-First Century Fox Class B",34.139999,33.959999,33.880001,34.349998,1966100
"656",2015-02-25,"GPS","Gap (The)",40.080002,40.290001,39.91,40.509998,6508700
"657",2015-02-25,"HP","Helmerich & Payne",67.669998,67.650002,65.699997,68.07,2347700
"658",2015-02-25,"HPQ","HP Inc.",35.359997,34.669999,34.419999,35.689998,138698900
"659",2015-02-25,"MKC","McCormick & Co.",75.279999,75.459999,75.080002,75.800003,343100
"660",2015-02-25,"NFX","Newfield Exploration Co",31.92,36,31.92,36.259998,9043100
"661",2015-02-25,"ORLY","O'Reilly Automotive",207.339996,208.690002,207.339996,209.389999,580300
"662",2015-02-25,"ROP","Roper Industries",167.699997,168.029999,167.160004,168.320007,411700
"663",2015-02-25,"SBUX","Starbucks Corp.",93.300003,94.260002,93.25,94.830002,8119600
"664",2015-02-25,"SNA","Snap-On Inc.",146.610001,148.080002,146.610001,148.410004,452400
"665",2015-02-25,"TDG","TransDigm Group",225.580002,223.440002,222.619995,226.210007,711300
"666",2015-02-25,"WDC","Western Digital",108.25,106.150002,105.769997,108.25,2352100
"667",2015-02-26,"ANTM","Anthem Inc.",146.630005,146.720001,146.229996,147.339996,1129300
"668",2015-02-26,"BEN","Franklin Resources",54.209999,54.52,54.119999,54.639999,1631200
"669",2015-02-26,"BLK","BlackRock",374.790009,375.019989,373.25,377.01001,397700
"670",2015-02-26,"COL","Rockwell Collins",89.690002,89.339996,88.940002,89.849998,653400
"671",2015-02-26,"CTAS","Cintas Corporation",83.489998,84.010002,83.489998,84.18,483600
"672",2015-02-26,"FFIV","F5 Networks",119.190002,119.040001,118.199997,120.370003,662600
"673",2015-02-26,"FOX","Twenty-First Century Fox Class B",33.75,33.799999,33.540001,33.889999,1964000
"674",2015-02-26,"GPS","Gap (The)",40.349998,40.369999,40.009998,40.509998,6025400
"675",2015-02-26,"HP","Helmerich & Payne",67.230003,66.199997,65.910004,67.699997,2264900
"676",2015-02-26,"HPQ","HP Inc.",34.499998,34.009999,33.689998,34.649999,71632300
"677",2015-02-26,"MKC","McCormick & Co.",75.470001,75.379997,75.029999,75.660004,316200
"678",2015-02-26,"NFX","Newfield Exploration Co",33.880001,33.599998,32.91,33.990002,22585900
"679",2015-02-26,"ORLY","O'Reilly Automotive",208.100006,209.339996,207.339996,209.649994,492700
"680",2015-02-26,"ROP","Roper Industries",168.399994,168.570007,167.710007,169.330002,304900
"681",2015-02-26,"SBUX","Starbucks Corp.",94.300003,94.550003,94.080002,94.82,6816400
"682",2015-02-26,"SNA","Snap-On Inc.",148.130005,147.210007,146.759995,148.210007,294900
"683",2015-02-26,"TDG","TransDigm Group",223.440002,221.580002,220.949997,223.440002,455000
"684",2015-02-26,"WDC","Western Digital",106.75,107.339996,106.220001,108.480003,2215400
"685",2015-02-27,"ANTM","Anthem Inc.",146.720001,146.449997,146.240005,147.429993,1523500
"686",2015-02-27,"BEN","Franklin Resources",54.669998,53.830002,53.810001,54.720001,1647300
"687",2015-02-27,"BLK","BlackRock",375.019989,371.420013,371.380005,376.850006,702200
"688",2015-02-27,"COL","Rockwell Collins",89.199997,89.080002,88.769997,89.480003,669900
"689",2015-02-27,"CTAS","Cintas Corporation",83.779999,83.480003,83.260002,83.980003,406800
"690",2015-02-27,"FFIV","F5 Networks",119.220001,118.120003,118.019997,120.059998,664500
"691",2015-02-27,"FOX","Twenty-First Century Fox Class B",33.98,34.040001,33.619999,34.139999,2244900
"692",2015-02-27,"GPS","Gap (The)",41.400002,41.599998,41.09,42.200001,12338100
"693",2015-02-27,"HP","Helmerich & Payne",66.459999,67.059998,66.440002,67.489998,1931300
"694",2015-02-27,"HPQ","HP Inc.",33.979999,34.839999,33.919998,34.989998,65045300
"695",2015-02-27,"MKC","McCormick & Co.",75.470001,75.379997,75.220001,75.68,346300
"696",2015-02-27,"NFX","Newfield Exploration Co",33.810001,33.029999,32.990002,34.07,6640400
"697",2015-02-27,"ORLY","O'Reilly Automotive",209.800003,208.130005,207.809998,209.979996,453700
"698",2015-02-27,"ROP","Roper Industries",168.410004,167.570007,167.490005,169.639999,348400
"699",2015-02-27,"SBUX","Starbucks Corp.",94.790001,93.489998,93.269997,94.800003,8658400
"700",2015-02-27,"SNA","Snap-On Inc.",147.449997,147.229996,146.479996,147.710007,362700
"701",2015-02-27,"TDG","TransDigm Group",219.610001,216.860001,215.770004,221.300003,515500
"702",2015-02-27,"WDC","Western Digital",107.419998,106.980003,106.620003,107.989998,1623800
"703",2015-03-02,"ANTM","Anthem Inc.",146.449997,146.929993,146.300003,147.710007,1339100
"704",2015-03-02,"BEN","Franklin Resources",53.830002,54.400002,53.630001,54.43,1132100
"705",2015-03-02,"BLK","BlackRock",371.420013,376.420013,367.880005,376.690002,478000
"706",2015-03-02,"COL","Rockwell Collins",89.080002,90.720001,88.830002,90.889999,859700
"707",2015-03-02,"CTAS","Cintas Corporation",83.519997,84.510002,83.25,84.589996,371700
"708",2015-03-02,"FFIV","F5 Networks",118.559998,119.559998,117.419998,119.559998,651100
"709",2015-03-02,"FOX","Twenty-First Century Fox Class B",33.73,34.259998,33.73,34.32,2398100
"710",2015-03-02,"GPS","Gap (The)",41.279999,41.41,40.970001,41.560001,5359200
"711",2015-03-02,"HP","Helmerich & Payne",67.059998,65.709999,64.919998,67.059998,2310500
"712",2015-03-02,"HPQ","HP Inc.",34.839999,34.919999,34.499998,35.129998,34614500
"713",2015-03-02,"MKC","McCormick & Co.",75.379997,75.400002,74.889999,75.599998,515200
"714",2015-03-02,"NFX","Newfield Exploration Co",33.029999,32.43,31.6,33.080002,5177200
"715",2015-03-02,"ORLY","O'Reilly Automotive",209.119995,212,208.199997,212,797100
"716",2015-03-02,"ROP","Roper Industries",167.570007,168.550003,167,168.690002,307000
"717",2015-03-02,"SBUX","Starbucks Corp.",93.330002,94.230003,93.330002,94.550003,7947000
"718",2015-03-02,"SNA","Snap-On Inc.",147.850006,148.289993,146.770004,148.320007,252400
"719",2015-03-02,"TDG","TransDigm Group",217.460007,218.110001,215.839996,219.990005,529100
"720",2015-03-02,"WDC","Western Digital",107.419998,108.779999,106.639999,110,1821100
"721",2015-03-03,"ANTM","Anthem Inc.",146.059998,145.990005,144.619995,147.070007,1478900
"722",2015-03-03,"BEN","Franklin Resources",54.09,53.84,53.52,54.439999,1246900
"723",2015-03-03,"BLK","BlackRock",374.279999,373.660004,370.850006,375.649994,428900
"724",2015-03-03,"COL","Rockwell Collins",90.220001,90.199997,89.580002,90.75,660100
"725",2015-03-03,"CTAS","Cintas Corporation",84.150002,84.209999,83.519997,84.260002,443700
"726",2015-03-03,"FFIV","F5 Networks",119.309998,119.010002,117.699997,119.309998,1052100
"727",2015-03-03,"FOX","Twenty-First Century Fox Class B",34.02,34.630001,34.02,34.650002,1462800
"728",2015-03-03,"GPS","Gap (The)",42.209999,41.98,41.700001,42.299999,5644600
"729",2015-03-03,"HP","Helmerich & Payne",65.779999,67.330002,65.290001,67.68,1835500
"730",2015-03-03,"HPQ","HP Inc.",34.919999,34.569999,34.449998,35.039998,30137400
"731",2015-03-03,"MKC","McCormick & Co.",75.129997,75.25,74.739998,75.43,291500
"732",2015-03-03,"NFX","Newfield Exploration Co",32.639999,32.939999,32.48,33.549999,3609200
"733",2015-03-03,"ORLY","O'Reilly Automotive",212.199997,211.660004,210.389999,213.279999,573400
"734",2015-03-03,"ROP","Roper Industries",167.639999,167.350006,166.860001,168.710007,362000
"735",2015-03-03,"SBUX","Starbucks Corp.",94.099998,94,93.199997,94.209999,7578400
"736",2015-03-03,"SNA","Snap-On Inc.",148,147.919998,147.199997,148.009995,323100
"737",2015-03-03,"TDG","TransDigm Group",217.259995,217.729996,216.350006,218.050003,284200
"738",2015-03-03,"WDC","Western Digital",108.169998,105.57,104.809998,108.550003,1791500
"739",2015-03-04,"ANTM","Anthem Inc.",144.779999,146.550003,144.199997,147.300003,1847900
"740",2015-03-04,"BEN","Franklin Resources",53.5,53.330002,53.049999,53.610001,1326600
"741",2015-03-04,"BLK","BlackRock",369.049988,369.140015,367.209991,370.910004,371000
"742",2015-03-04,"COL","Rockwell Collins",90,90.379997,89.970001,90.610001,801300
"743",2015-03-04,"CTAS","Cintas Corporation",83.839996,83.769997,83.190002,83.870003,519400
"744",2015-03-04,"FFIV","F5 Networks",119.279999,119.239998,118.5,119.550003,761400
"745",2015-03-04,"FOX","Twenty-First Century Fox Class B",34.700001,34.07,33.779999,34.700001,1950000
"746",2015-03-04,"GPS","Gap (The)",42.150002,42.029999,41.689999,42.25,3192400
"747",2015-03-04,"HP","Helmerich & Payne",67.129997,66.629997,65.099998,67.209999,2139900
"748",2015-03-04,"HPQ","HP Inc.",34.439997,34.189998,34.009999,34.489998,34467600
"749",2015-03-04,"MKC","McCormick & Co.",74.980003,74.839996,74.209999,75.18,392900
"750",2015-03-04,"NFX","Newfield Exploration Co",33.110001,33.18,31.959999,33.5,4726700
"751",2015-03-04,"ORLY","O'Reilly Automotive",211.279999,207.830002,207.75,211.940002,440200
"752",2015-03-04,"ROP","Roper Industries",166.869995,166.789993,165.25,167.020004,359900
"753",2015-03-04,"SBUX","Starbucks Corp.",93.809998,93.059998,92.010002,94.190002,7774600
"754",2015-03-04,"SNA","Snap-On Inc.",147,147.449997,145.979996,147.529999,357200
"755",2015-03-04,"TDG","TransDigm Group",217.490005,215.330002,215.160004,217.940002,285900
"756",2015-03-04,"WDC","Western Digital",104.610001,105.360001,103.349998,105.529999,1649500
"757",2015-03-05,"ANTM","Anthem Inc.",146.5,146.850006,146.259995,147.699997,1175700
"758",2015-03-05,"BEN","Franklin Resources",53.43,54.07,53.189999,54.130001,1582500
"759",2015-03-05,"BLK","BlackRock",370,369.940002,367.339996,371.480011,366100
"760",2015-03-05,"COL","Rockwell Collins",90.379997,90.900002,89.989998,90.959999,768800
"761",2015-03-05,"CTAS","Cintas Corporation",83.75,82.940002,82.769997,83.75,378600
"762",2015-03-05,"FFIV","F5 Networks",119.730003,119.220001,118.980003,119.970001,843800
"763",2015-03-05,"FOX","Twenty-First Century Fox Class B",34.240002,34.029999,33.950001,34.299999,2436100
"764",2015-03-05,"GPS","Gap (The)",41.990002,41.43,41.27,42.07,3932900
"765",2015-03-05,"HP","Helmerich & Payne",66.279999,68.120003,65.139999,68.230003,1647100
"766",2015-03-05,"HPQ","HP Inc.",34.279999,33.999999,33.839999,34.329998,40130700
"767",2015-03-05,"MKC","McCormick & Co.",75.150002,74.730003,74.120003,75.150002,426600
"768",2015-03-05,"NFX","Newfield Exploration Co",33.150002,32.77,32.259998,33.150002,2915600
"769",2015-03-05,"ORLY","O'Reilly Automotive",207.539993,208.020004,207.110001,209.559998,553600
"770",2015-03-05,"ROP","Roper Industries",166.899994,168.610001,166.289993,168.800003,332800
"771",2015-03-05,"SBUX","Starbucks Corp.",93.279999,93.629997,93.059998,93.959999,5848400
"772",2015-03-05,"SNA","Snap-On Inc.",147.509995,147.339996,146.800003,148.110001,329900
"773",2015-03-05,"TDG","TransDigm Group",215.190002,215.339996,213.679993,216.660004,256200
"774",2015-03-05,"WDC","Western Digital",105.68,105.379997,104.650002,105.68,881700
"775",2015-03-06,"ANTM","Anthem Inc.",145.119995,145.160004,144.899994,146.869995,1494000
"776",2015-03-06,"BEN","Franklin Resources",53.93,53.049999,53,54.849998,2487300
"777",2015-03-06,"BLK","BlackRock",369.529999,365.470001,364.850006,375.540009,538700
"778",2015-03-06,"COL","Rockwell Collins",90.5,91.120003,90.440002,91.470001,1351700
"779",2015-03-06,"CTAS","Cintas Corporation",82.32,82.279999,81.809998,83.010002,413100
"780",2015-03-06,"FFIV","F5 Networks",118.800003,117.959999,117.620003,119.68,1074000
"781",2015-03-06,"FOX","Twenty-First Century Fox Class B",34.02,33.599998,33.48,34.080002,2874800
"782",2015-03-06,"GPS","Gap (The)",40.84,40.720001,40.619999,41.23,4576400
"783",2015-03-06,"HP","Helmerich & Payne",67.550003,67.18,67.050003,68.589996,1952500
"784",2015-03-06,"HPQ","HP Inc.",33.799998,33.179999,33.109998,33.949998,38343400
"785",2015-03-06,"MKC","McCormick & Co.",74.260002,73.449997,73.199997,74.389999,451600
"786",2015-03-06,"NFX","Newfield Exploration Co",32.310001,32,31.809999,32.939999,2248800
"787",2015-03-06,"ORLY","O'Reilly Automotive",207.149994,204.190002,203.630005,208.639999,612100
"788",2015-03-06,"ROP","Roper Industries",167.139999,166.009995,165.5,167.910004,351500
"789",2015-03-06,"SBUX","Starbucks Corp.",93.300003,92.220001,91.879997,93.699997,6814400
"790",2015-03-06,"SNA","Snap-On Inc.",146.350006,145.339996,145.029999,147.009995,255100
"791",2015-03-06,"TDG","TransDigm Group",214.889999,213.119995,212.199997,215.919998,308000
"792",2015-03-06,"WDC","Western Digital",104.669998,102.529999,102.230003,105.489998,1509800
"793",2015-03-09,"ANTM","Anthem Inc.",145.160004,146.75,145.029999,146.929993,970700
"794",2015-03-09,"BEN","Franklin Resources",53.200001,53.299999,52.970001,53.43,2038500
"795",2015-03-09,"BLK","BlackRock",365.470001,364.589996,363.540009,367.970001,519200
"796",2015-03-09,"COL","Rockwell Collins",91.129997,93.199997,91.099998,93.379997,1492000
"797",2015-03-09,"CTAS","Cintas Corporation",82.610001,83.839996,82.349998,84.099998,518600
"798",2015-03-09,"FFIV","F5 Networks",115.559998,114.830002,112.959999,115.830002,1841200
"799",2015-03-09,"FOX","Twenty-First Century Fox Class B",33.470001,33.650002,33.419998,33.77,2715000
"800",2015-03-09,"GPS","Gap (The)",40.700001,40.779999,40.400002,40.939999,2896800
"801",2015-03-09,"HP","Helmerich & Payne",66.790001,65.760002,65.150002,67.360001,1960300
"802",2015-03-09,"HPQ","HP Inc.",33.029999,32.949999,32.619998,33.089999,31130900
"803",2015-03-09,"MKC","McCormick & Co.",73.489998,73.830002,73.32,73.989998,273800
"804",2015-03-09,"NFX","Newfield Exploration Co",31.99,31.690001,31.469999,32.380001,1920500
"805",2015-03-09,"ORLY","O'Reilly Automotive",204.600006,206.580002,203.690002,206.660004,532400
"806",2015-03-09,"ROP","Roper Industries",165.839996,168.100006,165.660004,168.529999,460100
"807",2015-03-09,"SBUX","Starbucks Corp.",92.389999,93.040001,92.089996,93.129997,5984800
"808",2015-03-09,"SNA","Snap-On Inc.",145.589996,146.330002,145.559998,146.789993,288600
"809",2015-03-09,"TDG","TransDigm Group",213.520004,214.75,213.210007,216.020004,334000
"810",2015-03-09,"WDC","Western Digital",102.68,102.580002,101.75,103.25,1682300
"811",2015-03-10,"ANTM","Anthem Inc.",145.330002,144.279999,144.279999,145.889999,1495300
"812",2015-03-10,"BEN","Franklin Resources",52.619999,51.580002,51.560001,52.619999,2591600
"813",2015-03-10,"BLK","BlackRock",361.23999,356.190002,356.070007,362.75,531200
"814",2015-03-10,"COL","Rockwell Collins",92.57,91.300003,91.290001,93.720001,1408500
"815",2015-03-10,"CTAS","Cintas Corporation",82.949997,81.779999,81.779999,83.129997,472900
"816",2015-03-10,"FFIV","F5 Networks",113.900002,112.290001,112.290001,114.230003,1111000
"817",2015-03-10,"FOX","Twenty-First Century Fox Class B",33.450001,33.220001,33.029999,33.5,4547500
"818",2015-03-10,"GPS","Gap (The)",40.66,40.869999,40.32,41.02,3100100
"819",2015-03-10,"HP","Helmerich & Payne",64.690002,64.330002,64.269997,65.580002,2124900
"820",2015-03-10,"HPQ","HP Inc.",33.209999,32.669999,32.489999,33.209999,36627400
"821",2015-03-10,"MKC","McCormick & Co.",73.5,72.519997,72.5,73.830002,482200
"822",2015-03-10,"NFX","Newfield Exploration Co",31.09,30.959999,30.860001,31.73,2113100
"823",2015-03-10,"ORLY","O'Reilly Automotive",205.339996,203.059998,202.440002,205.470001,471200
"824",2015-03-10,"ROP","Roper Industries",166.580002,165.610001,165.610001,167.710007,320400
"825",2015-03-10,"SBUX","Starbucks Corp.",92.160004,92.18,91.769997,92.910004,6077000
"826",2015-03-10,"SNA","Snap-On Inc.",144.720001,143.449997,143.449997,145.070007,371800
"827",2015-03-10,"TDG","TransDigm Group",213.029999,213,212.929993,214.289993,218900
"828",2015-03-10,"WDC","Western Digital",101.419998,99.389999,99.379997,102.120003,2378600
"829",2015-03-11,"ANTM","Anthem Inc.",145.350006,144.380005,144.279999,145.860001,1245600
"830",2015-03-11,"BEN","Franklin Resources",51.619999,51.799999,51.529999,52.060001,1553700
"831",2015-03-11,"BLK","BlackRock",357.149994,358.410004,356.630005,359.839996,464700
"832",2015-03-11,"COL","Rockwell Collins",91.300003,90.620003,90.419998,91.489998,733800
"833",2015-03-11,"CTAS","Cintas Corporation",82.18,81.669998,81.419998,82.379997,362200
"834",2015-03-11,"FFIV","F5 Networks",112.589996,112.900002,111.75,113.370003,818500
"835",2015-03-11,"FOX","Twenty-First Century Fox Class B",33.200001,33.169998,32.869999,33.290001,3712100
"836",2015-03-11,"GPS","Gap (The)",40.810001,40.849998,40.59,41.290001,3883500
"837",2015-03-11,"HP","Helmerich & Payne",64.559998,64.5,63.369999,64.629997,2340100
"838",2015-03-11,"HPQ","HP Inc.",32.979998,32.609998,32.409999,32.979998,30305200
"839",2015-03-11,"MKC","McCormick & Co.",72.510002,72.18,71.769997,72.519997,473900
"840",2015-03-11,"NFX","Newfield Exploration Co",31.02,31.280001,30.91,31.559999,1871700
"841",2015-03-11,"ORLY","O'Reilly Automotive",202.940002,204.279999,202.940002,205.600006,429500
"842",2015-03-11,"ROP","Roper Industries",165.610001,165.970001,165.070007,166.520004,410700
"843",2015-03-11,"SBUX","Starbucks Corp.",92.120003,91.419998,91.220001,92.980003,8185800
"844",2015-03-11,"SNA","Snap-On Inc.",143.380005,142.199997,141.970001,143.539993,475200
"845",2015-03-11,"TDG","TransDigm Group",213.630005,214.160004,213.25,214.830002,214600
"846",2015-03-11,"WDC","Western Digital",98.849998,97.889999,96.370003,99.029999,3293200
"847",2015-03-12,"ANTM","Anthem Inc.",145.279999,147.460007,145.119995,147.559998,1836600
"848",2015-03-12,"BEN","Franklin Resources",52.189999,53.119999,52.189999,53.150002,1960700
"849",2015-03-12,"BLK","BlackRock",360.600006,368.709991,360.600006,368.929993,474400
"850",2015-03-12,"COL","Rockwell Collins",90.860001,91.629997,90.809998,91.720001,550000
"851",2015-03-12,"CTAS","Cintas Corporation",82.080002,82.860001,81.790001,82.910004,658000
"852",2015-03-12,"FFIV","F5 Networks",113.760002,113.040001,111.900002,113.760002,1014900
"853",2015-03-12,"FOX","Twenty-First Century Fox Class B",33.389999,33.48,33.009998,33.52,3889800
"854",2015-03-12,"GPS","Gap (The)",40.759998,41.419998,40.66,41.48,2999600
"855",2015-03-12,"HP","Helmerich & Payne",65.139999,63.27,62.93,65.139999,2042600
"856",2015-03-12,"HPQ","HP Inc.",31.629998,32.719998,31.509998,32.799999,57814100
"857",2015-03-12,"MKC","McCormick & Co.",71.459999,72.940002,71.349998,72.980003,926500
"858",2015-03-12,"NFX","Newfield Exploration Co",31.34,31.1,31.030001,31.690001,2117800
"859",2015-03-12,"ORLY","O'Reilly Automotive",205.369995,209.550003,205.089996,210.110001,590100
"860",2015-03-12,"ROP","Roper Industries",166,168.600006,165.820007,168.839996,300700
"861",2015-03-12,"SBUX","Starbucks Corp.",91.970001,93.379997,91.839996,93.529999,7295400
"862",2015-03-12,"SNA","Snap-On Inc.",142.990005,144.350006,142.720001,144.520004,387600
"863",2015-03-12,"TDG","TransDigm Group",214.940002,216.279999,214.100006,216.539993,285900
"864",2015-03-12,"WDC","Western Digital",95.349998,98.559998,95.07,98.82,2943700
"865",2015-03-13,"ANTM","Anthem Inc.",146.830002,150.009995,146.399994,150.029999,2124500
"866",2015-03-13,"BEN","Franklin Resources",53,52.52,51.84,53.049999,2591500
"867",2015-03-13,"BLK","BlackRock",368.98999,367.73999,364.200012,369.980011,521700
"868",2015-03-13,"COL","Rockwell Collins",92.269997,93.230003,91.790001,93.330002,1316600
"869",2015-03-13,"CTAS","Cintas Corporation",82.93,82.559998,81.370003,83.18,520200
"870",2015-03-13,"FFIV","F5 Networks",113.239998,112.360001,111.419998,113.239998,1007500
"871",2015-03-13,"FOX","Twenty-First Century Fox Class B",33.220001,32.98,32.610001,33.48,3293900
"872",2015-03-13,"GPS","Gap (The)",41.419998,41.130001,40.880001,41.450001,3108000
"873",2015-03-13,"HP","Helmerich & Payne",62.610001,62.490002,60.990002,62.720001,2301700
"874",2015-03-13,"HPQ","HP Inc.",32.589998,32.429998,31.999999,32.589998,32689700
"875",2015-03-13,"MKC","McCormick & Co.",72.959999,71.980003,71.730003,73.120003,623800
"876",2015-03-13,"NFX","Newfield Exploration Co",30.700001,31.360001,30.15,31.4,3598700
"877",2015-03-13,"ORLY","O'Reilly Automotive",208.690002,210.229996,207.699997,210.710007,407800
"878",2015-03-13,"ROP","Roper Industries",168.240005,166.919998,165.919998,168.539993,243400
"879",2015-03-13,"SBUX","Starbucks Corp.",92.68,93.290001,92.68,94.370003,5835200
"880",2015-03-13,"SNA","Snap-On Inc.",144.339996,142.5,141.630005,144.339996,460900
"881",2015-03-13,"TDG","TransDigm Group",215.570007,214.820007,212.779999,216.820007,176200
"882",2015-03-13,"WDC","Western Digital",98.18,97.190002,96.080002,98.559998,2210300
"883",2015-03-16,"ANTM","Anthem Inc.",150.080002,153.25,150.080002,154.839996,2959300
"884",2015-03-16,"BEN","Franklin Resources",53,53.400002,52.880001,53.52,2088000
"885",2015-03-16,"BLK","BlackRock",370.670013,374.079987,369.720001,374.73999,491800
"886",2015-03-16,"COL","Rockwell Collins",93.580002,94.919998,93.470001,94.980003,881900
"887",2015-03-16,"CTAS","Cintas Corporation",83.269997,85.370003,83.269997,85.449997,895300
"888",2015-03-16,"FFIV","F5 Networks",113.309998,113.269997,112.440002,113.970001,983800
"889",2015-03-16,"FOX","Twenty-First Century Fox Class B",33.029999,33.32,33.029999,33.560001,1834400
"890",2015-03-16,"GPS","Gap (The)",41.130001,41.27,41.009998,41.529999,3274300
"891",2015-03-16,"HP","Helmerich & Payne",61.959999,64.110001,60.970001,64.160004,3537000
"892",2015-03-16,"HPQ","HP Inc.",32.399999,32.379999,32.189998,32.709998,27522500
"893",2015-03-16,"MKC","McCormick & Co.",72.120003,72.620003,71.980003,72.690002,599000
"894",2015-03-16,"NFX","Newfield Exploration Co",31.09,31.73,30.66,31.799999,2310900
"895",2015-03-16,"ORLY","O'Reilly Automotive",211.119995,215.059998,210.399994,215.490005,637200
"896",2015-03-16,"ROP","Roper Industries",168.139999,170.380005,167.949997,170.440002,297700
"897",2015-03-16,"SBUX","Starbucks Corp.",94,94.050003,93.739998,94.620003,6772600
"898",2015-03-16,"SNA","Snap-On Inc.",143.440002,144.229996,142.940002,144.380005,387200
"899",2015-03-16,"TDG","TransDigm Group",214.850006,217.139999,214.240005,217.279999,385300
"900",2015-03-16,"WDC","Western Digital",97.959999,98.199997,97.589996,99.410004,1516200
"901",2015-03-17,"ANTM","Anthem Inc.",152.649994,153.300003,152.389999,153.559998,2678700
"902",2015-03-17,"BEN","Franklin Resources",52.82,52.689999,52.330002,53.080002,1892300
"903",2015-03-17,"BLK","BlackRock",373.040009,374.26001,371.529999,376.140015,531500
"904",2015-03-17,"COL","Rockwell Collins",94.68,94.739998,94.110001,94.900002,1006200
"905",2015-03-17,"CTAS","Cintas Corporation",85.330002,85.260002,84.019997,85.529999,579400
"906",2015-03-17,"FFIV","F5 Networks",112.589996,112.589996,111.980003,113.239998,566200
"907",2015-03-17,"FOX","Twenty-First Century Fox Class B",33.279999,32.98,32.849998,33.279999,1946800
"908",2015-03-17,"GPS","Gap (The)",41.23,41.279999,40.970001,41.380001,2267500
"909",2015-03-17,"HP","Helmerich & Payne",63.349998,64.029999,63.060001,64.309998,1607300
"910",2015-03-17,"HPQ","HP Inc.",32.279999,32.429998,32.199998,32.469998,22919200
"911",2015-03-17,"MKC","McCormick & Co.",72.230003,72.019997,71.410004,72.459999,667000
"912",2015-03-17,"NFX","Newfield Exploration Co",31.49,31.57,31.4,32.099998,1889000
"913",2015-03-17,"ORLY","O'Reilly Automotive",213.880005,214.039993,212.970001,215.009995,404800
"914",2015-03-17,"ROP","Roper Industries",168.75,168.779999,167.289993,169.759995,346900
"915",2015-03-17,"SBUX","Starbucks Corp.",93.760002,94.389999,93.599998,94.480003,5508800
"916",2015-03-17,"SNA","Snap-On Inc.",144.289993,144.020004,143.139999,144.919998,280600
"917",2015-03-17,"TDG","TransDigm Group",216.470001,216.490005,215.139999,217.039993,286400
"918",2015-03-17,"WDC","Western Digital",97.529999,96.620003,96.230003,98.169998,1500000
"919",2015-03-18,"ANTM","Anthem Inc.",153.029999,157.389999,153.029999,157.979996,2275200
"920",2015-03-18,"BEN","Franklin Resources",52.549999,53.299999,51.799999,53.549999,3529200
"921",2015-03-18,"BLK","BlackRock",373.970001,377.76001,371.450012,380.98999,595700
"922",2015-03-18,"COL","Rockwell Collins",94.339996,96.260002,93.860001,96.699997,1092400
"923",2015-03-18,"CTAS","Cintas Corporation",85.239998,86.160004,84.25,86.339996,756700
"924",2015-03-18,"FFIV","F5 Networks",112.349998,114.269997,111.540001,114.849998,853400
"925",2015-03-18,"FOX","Twenty-First Century Fox Class B",32.98,33.869999,32.889999,33.93,2248400
"926",2015-03-18,"GPS","Gap (The)",41.130001,42.330002,40.91,42.48,5163300
"927",2015-03-18,"HP","Helmerich & Payne",63.650002,66.940002,62.98,67.559998,2066900
"928",2015-03-18,"HPQ","HP Inc.",32.359999,33.029999,32.159998,33.159998,30584400
"929",2015-03-18,"MKC","McCormick & Co.",71.970001,72.489998,71.010002,72.910004,1053000
"930",2015-03-18,"NFX","Newfield Exploration Co",31.120001,33.369999,31.07,33.740002,4436600
"931",2015-03-18,"ORLY","O'Reilly Automotive",213.279999,214.320007,209.600006,214.949997,502300
"932",2015-03-18,"ROP","Roper Industries",168.369995,171.009995,166.320007,171.589996,417200
"933",2015-03-18,"SBUX","Starbucks Corp.",94,95.839996,93.349998,96.57,15430000
"934",2015-03-18,"SNA","Snap-On Inc.",144.039993,145.970001,142.759995,146.479996,333900
"935",2015-03-18,"TDG","TransDigm Group",215.25,216.440002,213.279999,217.380005,269700
"936",2015-03-18,"WDC","Western Digital",97.639999,97.879997,96.169998,98.489998,2572000
"937",2015-03-19,"ANTM","Anthem Inc.",157.779999,157.320007,156.410004,158.100006,2341900
"938",2015-03-19,"BEN","Franklin Resources",53.029999,52.66,52.290001,53.09,1864300
"939",2015-03-19,"BLK","BlackRock",376,369.950012,369.119995,376.450012,632600
"940",2015-03-19,"COL","Rockwell Collins",96.120003,96.129997,95.739998,96.589996,612700
"941",2015-03-19,"CTAS","Cintas Corporation",87.949997,83.959999,82.559998,88.230003,1563900
"942",2015-03-19,"FFIV","F5 Networks",114.800003,114.559998,114.5,116.160004,1034900
"943",2015-03-19,"FOX","Twenty-First Century Fox Class B",33.880001,33.580002,33.52,34.040001,1563700
"944",2015-03-19,"GPS","Gap (The)",42,42.77,42,43,5153800
"945",2015-03-19,"HP","Helmerich & Payne",65.769997,66.050003,64.839996,66.169998,1849700
"946",2015-03-19,"HPQ","HP Inc.",32.939999,32.839998,32.629999,33.039999,25941500
"947",2015-03-19,"MKC","McCormick & Co.",72.43,72.400002,71.870003,72.660004,480200
"948",2015-03-19,"NFX","Newfield Exploration Co",32.459999,32.470001,32.169998,33.060001,2441000
"949",2015-03-19,"ORLY","O'Reilly Automotive",214.330002,214.970001,213.380005,215.229996,368000
"950",2015-03-19,"ROP","Roper Industries",170.429993,169.169998,168.160004,170.429993,302500
"951",2015-03-19,"SBUX","Starbucks Corp.",96.760002,97.760002,96.379997,99.199997,22020600
"952",2015-03-19,"SNA","Snap-On Inc.",145.399994,144.380005,144.169998,146.320007,292800
"953",2015-03-19,"TDG","TransDigm Group",216.740005,214.789993,213.509995,217.580002,202900
"954",2015-03-19,"WDC","Western Digital",98.339996,99.300003,98.160004,99.620003,1942300
"955",2015-03-20,"ANTM","Anthem Inc.",158.75,158.380005,157.75,160.639999,2497600
"956",2015-03-20,"BEN","Franklin Resources",52.75,53.349998,52.630001,53.68,7521700
"957",2015-03-20,"BLK","BlackRock",370.619995,378.640015,370.420013,379.589996,681600
"958",2015-03-20,"COL","Rockwell Collins",96.540001,96.540001,95.809998,96.910004,798300
"959",2015-03-20,"CTAS","Cintas Corporation",84.300003,82.550003,82.550003,84.339996,1540300
"960",2015-03-20,"FFIV","F5 Networks",115.18,116.349998,114.540001,116.489998,1587800
"961",2015-03-20,"FOX","Twenty-First Century Fox Class B",33.93,34.400002,33.540001,34.48,3355000
"962",2015-03-20,"GPS","Gap (The)",42.880001,43.16,42.639999,43.419998,6628700
"963",2015-03-20,"HP","Helmerich & Payne",67.260002,68.160004,66.790001,68.169998,7755200
"964",2015-03-20,"HPQ","HP Inc.",32.859998,33.279998,32.859998,33.589999,55359600
"965",2015-03-20,"MKC","McCormick & Co.",72.519997,72.879997,72.489998,73.120003,1062800
"966",2015-03-20,"NFX","Newfield Exploration Co",33.040001,33.290001,32.889999,34.360001,4876000
"967",2015-03-20,"ORLY","O'Reilly Automotive",216.410004,214.789993,213.759995,217.600006,992600
"968",2015-03-20,"ROP","Roper Industries",169.770004,171.429993,168.479996,171.860001,592100
"969",2015-03-20,"SBUX","Starbucks Corp.",98.489998,97.459999,97.010002,98.900002,17360600
"970",2015-03-20,"SNA","Snap-On Inc.",144.619995,143.690002,143.589996,145.679993,696100
"971",2015-03-20,"TDG","TransDigm Group",218.100006,215.75,215.020004,218.440002,434300
"972",2015-03-20,"WDC","Western Digital",100.07,100.440002,99.089996,101.080002,2417900
"973",2015-03-23,"ANTM","Anthem Inc.",158.199997,157.570007,157.039993,158.880005,1570400
"974",2015-03-23,"BEN","Franklin Resources",53.490002,53.700001,53.459999,54.040001,1539900
"975",2015-03-23,"BLK","BlackRock",377.920013,374.329987,374.019989,380.820007,453000
"976",2015-03-23,"COL","Rockwell Collins",96.660004,96.080002,95.970001,96.989998,648300
"977",2015-03-23,"CTAS","Cintas Corporation",82.550003,83.830002,82.199997,84.099998,836200
"978",2015-03-23,"FFIV","F5 Networks",116.690002,115.419998,115.260002,116.879997,897000
"979",2015-03-23,"FOX","Twenty-First Century Fox Class B",34.34,34.650002,34.34,34.810001,1844700
"980",2015-03-23,"GPS","Gap (The)",43,43.450001,43,43.790001,3547100
"981",2015-03-23,"HP","Helmerich & Payne",68.160004,68.510002,68,69.68,2195000
"982",2015-03-23,"HPQ","HP Inc.",33.299999,33.449999,33.239998,33.739999,28018000
"983",2015-03-23,"MKC","McCormick & Co.",72.970001,73.199997,72.879997,73.629997,1096900
"984",2015-03-23,"NFX","Newfield Exploration Co",33.259998,32.650002,32.650002,33.75,2117800
"985",2015-03-23,"ORLY","O'Reilly Automotive",214.970001,215.289993,214.789993,217.039993,576200
"986",2015-03-23,"ROP","Roper Industries",171.740005,171.5,170.800003,172.169998,351300
"987",2015-03-23,"SBUX","Starbucks Corp.",97.879997,97.370003,96.709999,97.900002,7986000
"988",2015-03-23,"SNA","Snap-On Inc.",143.990005,143.210007,143.169998,144.889999,363000
"989",2015-03-23,"TDG","TransDigm Group",215.75,215.789993,214.210007,217.350006,243600
"990",2015-03-23,"WDC","Western Digital",100.389999,99.639999,99.510002,101.360001,1784900
"991",2015-03-24,"ANTM","Anthem Inc.",156.850006,157.600006,156.850006,158.289993,1611300
"992",2015-03-24,"BEN","Franklin Resources",53.560001,52.790001,52.779999,53.689999,1077300
"993",2015-03-24,"BLK","BlackRock",373.320007,369.100006,369.100006,373.929993,452800
"994",2015-03-24,"COL","Rockwell Collins",95.599998,95.279999,95.029999,96.410004,518100
"995",2015-03-24,"CTAS","Cintas Corporation",83.940002,83.730003,83.410004,84.07,538000
"996",2015-03-24,"FFIV","F5 Networks",115.699997,115.019997,114.370003,116.050003,1127400
"997",2015-03-24,"FOX","Twenty-First Century Fox Class B",34.599998,34.119999,34.099998,34.669998,1552900
"998",2015-03-24,"GPS","Gap (The)",43.23,43.200001,43.130001,43.740002,4745800
"999",2015-03-24,"HP","Helmerich & Payne",68.580002,68.129997,66.720001,68.949997,2417800
"1000",2015-03-24,"HPQ","HP Inc.",33.419998,33.309999,33.109998,33.499997,24455400
"1001",2015-03-24,"MKC","McCormick & Co.",75.529999,75.120003,75,77.790001,2779600
"1002",2015-03-24,"NFX","Newfield Exploration Co",32.57,32.939999,32.119999,33.040001,2006800
"1003",2015-03-24,"ORLY","O'Reilly Automotive",214.509995,214.520004,214,216.229996,500300
"1004",2015-03-24,"ROP","Roper Industries",170.860001,171.809998,170.529999,172.240005,316600
"1005",2015-03-24,"SBUX","Starbucks Corp.",97.110001,97.919998,96.760002,98.330002,7718400
"1006",2015-03-24,"SNA","Snap-On Inc.",142.919998,142.770004,142.089996,143.720001,364300
"1007",2015-03-24,"TDG","TransDigm Group",215.279999,215.149994,214.389999,216.850006,181600
"1008",2015-03-24,"WDC","Western Digital",99.440002,97.940002,97.559998,100.080002,1759600
"1009",2015-03-25,"ANTM","Anthem Inc.",159.539993,154.419998,154.389999,159.539993,1457800
"1010",2015-03-25,"BEN","Franklin Resources",52.849998,51.700001,51.68,52.880001,1143700
"1011",2015-03-25,"BLK","BlackRock",369.890015,363.920013,363.76001,372.049988,391300
"1012",2015-03-25,"COL","Rockwell Collins",95.57,93.489998,93.459999,95.639999,542400
"1013",2015-03-25,"CTAS","Cintas Corporation",84.010002,81.699997,81.480003,84.010002,1361100
"1014",2015-03-25,"FFIV","F5 Networks",114.93,112.900002,112.889999,115.550003,1246200
"1015",2015-03-25,"FOX","Twenty-First Century Fox Class B",34.080002,33.259998,33.23,34.18,1803200
"1016",2015-03-25,"GPS","Gap (The)",43.130001,42.5,42.48,43.290001,3162900
"1017",2015-03-25,"HP","Helmerich & Payne",68.57,69.07,67.849998,69.739998,2138100
"1018",2015-03-25,"HPQ","HP Inc.",33.419998,32.199998,32.199998,33.499997,24911200
"1019",2015-03-25,"MKC","McCormick & Co.",75.860001,75.989998,75.550003,77.480003,1841200
"1020",2015-03-25,"NFX","Newfield Exploration Co",33.330002,33.77,33.02,34.279999,2643600
"1021",2015-03-25,"ORLY","O'Reilly Automotive",214.960007,208.979996,208.949997,215.520004,591400
"1022",2015-03-25,"ROP","Roper Industries",171.940002,170.649994,170.649994,172.720001,514500
"1023",2015-03-25,"SBUX","Starbucks Corp.",98.139999,95.769997,95.769997,98.480003,9907200
"1024",2015-03-25,"SNA","Snap-On Inc.",143.039993,141.570007,141.550003,144.429993,3e+05
"1025",2015-03-25,"TDG","TransDigm Group",214.940002,214,213.860001,215.75,432200
"1026",2015-03-25,"WDC","Western Digital",98.540001,94.620003,94.589996,98.540001,2150600
"1027",2015-03-26,"ANTM","Anthem Inc.",154.179993,152.820007,152.639999,154.419998,1966800
"1028",2015-03-26,"BEN","Franklin Resources",51.389999,51.75,51.240002,52.259998,2122500
"1029",2015-03-26,"BLK","BlackRock",360.73999,362.149994,360.01001,364.820007,417600
"1030",2015-03-26,"COL","Rockwell Collins",93.120003,94.540001,92.129997,94.720001,917200
"1031",2015-03-26,"CTAS","Cintas Corporation",81.330002,81.129997,80.760002,81.790001,698400
"1032",2015-03-26,"FFIV","F5 Networks",112.07,112.230003,111.07,112.919998,830900
"1033",2015-03-26,"FOX","Twenty-First Century Fox Class B",33.34,33.009998,32.790001,33.34,1773600
"1034",2015-03-26,"GPS","Gap (The)",42.459999,42.400002,41.959999,42.599998,2575600
"1035",2015-03-26,"HP","Helmerich & Payne",70.199997,69.110001,68.360001,70.559998,2083600
"1036",2015-03-26,"HPQ","HP Inc.",31.909998,32.009999,31.569999,32.599998,30187200
"1037",2015-03-26,"MKC","McCormick & Co.",76.169998,76.849998,75.919998,77.220001,1186800
"1038",2015-03-26,"NFX","Newfield Exploration Co",34.48,34.240002,33.950001,35.189999,3234200
"1039",2015-03-26,"ORLY","O'Reilly Automotive",208.419998,211.190002,206.860001,211.889999,574300
"1040",2015-03-26,"ROP","Roper Industries",170.470001,170.479996,169.809998,170.910004,389200
"1041",2015-03-26,"SBUX","Starbucks Corp.",95.349998,95.080002,93.660004,95.75,10344400
"1042",2015-03-26,"SNA","Snap-On Inc.",141.179993,142.199997,140.839996,142.5,261500
"1043",2015-03-26,"TDG","TransDigm Group",213.710007,215.179993,212.720001,215.860001,426700
"1044",2015-03-26,"WDC","Western Digital",92.739998,93.639999,91.610001,94.580002,3546000
"1045",2015-03-27,"ANTM","Anthem Inc.",154.130005,156.270004,154.130005,157.580002,1548700
"1046",2015-03-27,"BEN","Franklin Resources",51.330002,51.080002,50.889999,51.48,1643900
"1047",2015-03-27,"BLK","BlackRock",361.839996,361.630005,360.25,363.73999,386900
"1048",2015-03-27,"COL","Rockwell Collins",94.57,95.589996,94.370003,95.610001,579900
"1049",2015-03-27,"CTAS","Cintas Corporation",80.949997,82.379997,80.910004,82.470001,765400
"1050",2015-03-27,"FFIV","F5 Networks",112.720001,113.870003,112.010002,114.199997,700200
"1051",2015-03-27,"FOX","Twenty-First Century Fox Class B",32.939999,32.740002,32.720001,33.200001,1342500
"1052",2015-03-27,"GPS","Gap (The)",42.400002,42.84,42.330002,42.869999,2614300
"1053",2015-03-27,"HP","Helmerich & Payne",68.529999,68,67.330002,68.540001,1641600
"1054",2015-03-27,"HPQ","HP Inc.",32.209998,31.489998,31.029999,32.329998,43260700
"1055",2015-03-27,"MKC","McCormick & Co.",76.989998,77.330002,76.669998,77.389999,846300
"1056",2015-03-27,"NFX","Newfield Exploration Co",33.939999,34.279999,33.619999,34.77,2800500
"1057",2015-03-27,"ORLY","O'Reilly Automotive",210.380005,215.419998,209.929993,215.869995,594300
"1058",2015-03-27,"ROP","Roper Industries",169.770004,171.410004,169.440002,172.110001,441700
"1059",2015-03-27,"SBUX","Starbucks Corp.",95,95.07,94.75,95.949997,7993400
"1060",2015-03-27,"SNA","Snap-On Inc.",142.259995,144.059998,142.119995,144.259995,371700
"1061",2015-03-27,"TDG","TransDigm Group",215.179993,217.869995,215.179993,218.880005,205900
"1062",2015-03-27,"WDC","Western Digital",94.260002,92.730003,92.370003,94.400002,2014400
"1063",2015-03-30,"ANTM","Anthem Inc.",157.309998,156.850006,156.539993,158.449997,1430300
"1064",2015-03-30,"BEN","Franklin Resources",51.509998,51.77,51.389999,51.880001,1858300
"1065",2015-03-30,"BLK","BlackRock",363.100006,368.100006,363.100006,369.619995,470900
"1066",2015-03-30,"COL","Rockwell Collins",96.220001,96.989998,96,97.489998,609500
"1067",2015-03-30,"CTAS","Cintas Corporation",82.830002,82.739998,82.529999,83.239998,449500
"1068",2015-03-30,"FFIV","F5 Networks",114.129997,115.260002,113.220001,115.389999,714500
"1069",2015-03-30,"FOX","Twenty-First Century Fox Class B",32.82,33.150002,32.82,33.48,3450000
"1070",2015-03-30,"GPS","Gap (The)",42.959999,43.130001,42.790001,43.369999,2147700
"1071",2015-03-30,"HP","Helmerich & Payne",68.620003,68.730003,67.43,69.330002,2594600
"1072",2015-03-30,"HPQ","HP Inc.",31.88,31.569999,31.48,31.979999,24483100
"1073",2015-03-30,"MKC","McCormick & Co.",77.459999,78.019997,77.029999,78.110001,918600
"1074",2015-03-30,"NFX","Newfield Exploration Co",34.82,35.18,34.73,35.43,2686300
"1075",2015-03-30,"ORLY","O'Reilly Automotive",217.240005,219.380005,216.25,220.110001,657900
"1076",2015-03-30,"ROP","Roper Industries",172.320007,174.020004,171.75,174.190002,245800
"1077",2015-03-30,"SBUX","Starbucks Corp.",96.040001,95.980003,95.5,96.5,6830200
"1078",2015-03-30,"SNA","Snap-On Inc.",145.059998,146.369995,145.059998,146.740005,273000
"1079",2015-03-30,"TDG","TransDigm Group",218.410004,219.830002,217.869995,220.639999,271200
"1080",2015-03-30,"WDC","Western Digital",93.330002,92.93,92.129997,93.589996,1787300
"1081",2015-03-31,"ANTM","Anthem Inc.",155.809998,154.410004,154.309998,156.800003,1466000
"1082",2015-03-31,"BEN","Franklin Resources",51.279999,51.32,51.220001,51.650002,1925200
"1083",2015-03-31,"BLK","BlackRock",366.209991,365.839996,364.700012,368.140015,426400
"1084",2015-03-31,"COL","Rockwell Collins",96.870003,96.550003,96.32,96.980003,635300
"1085",2015-03-31,"CTAS","Cintas Corporation",82.730003,81.629997,81.440002,82.779999,912700
"1086",2015-03-31,"FFIV","F5 Networks",114.879997,114.940002,114.110001,115.459999,759700
"1087",2015-03-31,"FOX","Twenty-First Century Fox Class B",33.130001,32.880001,32.830002,33.450001,2534600
"1088",2015-03-31,"GPS","Gap (The)",43.099998,43.330002,42.950001,43.900002,2724800
"1089",2015-03-31,"HP","Helmerich & Payne",68.120003,68.07,67.43,68.839996,1781100
"1090",2015-03-31,"HPQ","HP Inc.",31.289999,31.159999,31.039999,31.449999,30216000
"1091",2015-03-31,"MKC","McCormick & Co.",77.830002,77.110001,77.110001,78.239998,998600
"1092",2015-03-31,"NFX","Newfield Exploration Co",34.689999,35.09,34.369999,35.580002,4294200
"1093",2015-03-31,"ORLY","O'Reilly Automotive",217.570007,216.240005,216.139999,219.979996,706900
"1094",2015-03-31,"ROP","Roper Industries",173.009995,172,171.669998,173.600006,446200
"1095",2015-03-31,"SBUX","Starbucks Corp.",95.669998,94.699997,94.690002,96.199997,8717800
"1096",2015-03-31,"SNA","Snap-On Inc.",145.759995,147.059998,145,147.369995,436300
"1097",2015-03-31,"TDG","TransDigm Group",220.029999,218.720001,218.080002,220.029999,313700
"1098",2015-03-31,"WDC","Western Digital",91.93,91.010002,90.279999,92.059998,2408900
