"gapSize","method","rmse","sdRmse","error"
1,"ssa",0.0010681474314324,0.000643777359116152,0.000193348574243463
1,"stine",0.000843469117933657,0.000674358172421257,0.000202533048608739
1,"locf",0.000967590032091083,0.000807077714583867,0.000242393310682286
1,"MAE",0.000762355923805162,0.000620819054455726,0.000186453402472845
1,"seadec",0.000877323510436025,0.000659772321218785,0.000198152413760075
1,"seasplit",0.000757440080887555,0.000786476253988376,0.000236205980579625
2,"ssa",0.00142153229072071,0.000690666998223582,0.000207431152233871
2,"stine",0.00132906161939201,0.000828982350919379,0.00024897202946576
2,"locf",0.00153155075638565,0.000964216808144234,0.000289587607386848
2,"MAE",0.00123931451632781,0.000813932971449848,0.000244452181070226
2,"seadec",0.00135245885862811,0.00078273619726719,0.000235082712380781
2,"seasplit",0.0013623348906793,0.000908265252933385,0.00027278342303098
3,"ssa",0.00177421756720309,0.000635832460921501,0.000190962446932999
3,"stine",0.00176706378220071,0.00100173732138882,0.000300856313311336
3,"locf",0.0018937973436052,0.00115296521273159,0.000346275271842456
3,"MAE",0.00160826398792796,0.000772571657503212,0.000232029950050176
3,"seadec",0.00183729279418878,0.000912188945098037,0.000273961843295475
3,"seasplit",0.00192501458249799,0.0010221347715924,0.000306982372047667
4,"ssa",0.00214970790050657,0.000748516157820365,0.000224805252721929
4,"stine",0.00197554963715098,0.00100751165220874,0.000302590544277107
4,"locf",0.00214699461218898,0.00127795399268265,0.000383813719036599
4,"MAE",0.00170998068490751,0.000748485937691777,0.00022479617657364
4,"seadec",0.00206570589868427,0.00095553326124531,0.000286979638360742
4,"seasplit",0.00216252413364573,0.00104651846547719,0.000314305637429174
5,"ssa",0.00233887671935676,0.000820305168318709,0.000246365971858216
5,"stine",0.00216559989009148,0.00104672404051974,0.000314367378714127
5,"locf",0.00216133739724843,0.00115053999029278,0.000345546893787329
5,"MAE",0.00209011480090957,0.0010114539257191,0.000303774545161438
5,"seadec",0.00226645289614552,0.0010439450453205,0.000313532750481254
5,"seasplit",0.00254323754211643,0.00113794883704728,0.000341765335623433
6,"ssa",0.00242616617925869,0.000817135568893452,0.00024541403168648
6,"stine",0.00248767791795879,0.00126051006209957,0.00037857470424417
6,"locf",0.00262587652137535,0.00155749539771832,0.000467769657126541
6,"MAE",0.00223037734046432,0.00106019516210072,0.000318413221759491
6,"seadec",0.00257270225851244,0.00107586363491497,0.000323119005267268
6,"seasplit",0.00271693540510227,0.00116139791433314,0.000348807903362641
7,"ssa",0.00255079012010279,0.000740211826500998,0.000222311175230839
7,"stine",0.00255659754379134,0.00107886248865018,0.000324019664611458
7,"locf",0.00255353338742769,0.000963104170318999,0.000289253443822205
7,"MAE",0.00233853481598398,0.00108209921266592,0.000324991764615912
7,"seadec",0.00263735953928271,0.0010514809325336,0.000315796037668478
7,"seasplit",0.00293972854185287,0.00113338931203097,0.000340395952794652
8,"ssa",0.00264372104921261,0.000758198479893229,0.000227713188426167
8,"stine",0.00277828564696884,0.00104305417638622,0.000313265191773509
8,"locf",0.0027691603326806,0.00110882989362931,0.000333019911271961
8,"MAE",0.00244085899144312,0.0010758340618415,0.000323110123451975
8,"seadec",0.00279494404015146,0.00106771513939936,0.000320671730649944
8,"seasplit",0.00311859863164295,0.00115628662976927,0.000347272808086328
9,"ssa",0.00280889845897033,0.000801819685615208,0.000240814142993294
9,"stine",0.00313357975031388,0.00200937881700772,0.000603485854048749
9,"locf",0.00335434356082555,0.00270379858788225,0.000812044093514324
9,"MAE",0.00263030019448476,0.00112601930004963,0.000338182483668142
9,"seadec",0.00312390676813436,0.00159213824637919,0.000478174100994382
9,"seasplit",0.0032571075364993,0.00115712139316768,0.00034752351636401
10,"ssa",0.00300644330632424,0.000983097552028097,0.000295258146834854
10,"stine",0.00287741680478535,0.00126499293714774,0.000379921066440358
10,"locf",0.00290894484317659,0.00133450261368387,0.000400797222869401
10,"MAE",0.00268879844488665,0.00108812948362663,0.000326802863245032
10,"seadec",0.00294872352363384,0.0011648558805162,0.000349846450030693
10,"seasplit",0.00348105677219744,0.0012493755762147,0.000375230633595696
11,"ssa",0.00303702675185407,0.000943812964850607,0.000283459628584789
11,"stine",0.00331345226319519,0.00133584572048235,0.000401200604226117
11,"locf",0.00347113403515103,0.00147426949145202,0.000442774043209952
11,"MAE",0.00279465925080595,0.00109684032890675,0.000329419030917781
11,"seadec",0.00333550644019564,0.00128123329402642,0.000384798606483098
11,"seasplit",0.00372049461295388,0.00148287093069109,0.000445357352470158
12,"ssa",0.00319131583126651,0.000905246503951329,0.000271876788457063
12,"stine",0.00330966029356779,0.00137361368968924,0.000412543629722149
12,"locf",0.0033657933455322,0.00145063322537405,0.000435675256211773
12,"MAE",0.00289142967426328,0.00108645904166164,0.000326301171833068
12,"seadec",0.00340463728157672,0.00129461803981065,0.000388818507893648
12,"seasplit",0.00380313853716094,0.00146054595578062,0.000438652391495936
13,"ssa",0.0033445600907385,0.000906724790722627,0.00027232076902815
13,"stine",0.00350145655725303,0.0013402576239306,0.000402525651199795
13,"locf",0.0036236763403363,0.00171788527456884,0.000515940276321207
13,"MAE",0.00299459318568577,0.00112887379101501,0.000339039785886887
13,"seadec",0.00351815187896427,0.00119633343895086,0.000359300247928095
13,"seasplit",0.00393757879949094,0.00139786279397527,0.000419826473199004
14,"ssa",0.00349287000452246,0.000875099705856655,0.000262822663848498
14,"stine",0.00364448361599759,0.00134532377415536,0.000404047191075327
14,"locf",0.00372078508167849,0.00141446724162721,0.000424813362275081
14,"MAE",0.00305501040817359,0.00114908468411411,0.000345109815081861
14,"seadec",0.00357782962685848,0.00123470266431244,0.000370823851412184
14,"seasplit",0.00402984173852378,0.00143028688127591,0.000429564546403895
15,"ssa",0.00361605688866023,0.000889769608528503,0.000267228542256192
15,"stine",0.00347256118983163,0.00127109626434399,0.000381754106380062
15,"locf",0.00354499733960587,0.00125782828284753,0.000377769273317664
15,"MAE",0.00312822529954525,0.00108366469188414,0.000325461932090063
15,"seadec",0.00355088795804447,0.00121968916713083,0.000366314779706931
15,"seasplit",0.00407150299243581,0.00142575326330043,0.000428202944354192
16,"ssa",0.00373477094677211,0.00087360454987244,0.000262373616870182
16,"stine",0.00411502305421222,0.0015489475678406,0.000465202448608985
16,"locf",0.00411670737325758,0.00208693898225394,0.000626779850266684
16,"MAE",0.00314056524162071,0.00103419752822922,0.000310605234461432
16,"seadec",0.00396747342085477,0.00125602431285848,0.000377227478828588
16,"seasplit",0.00419104364461211,0.00154950002816974,0.00046536837152543
17,"ssa",0.00390610736102243,0.000889931755940374,0.000267277240723851
17,"stine",0.00419908913323277,0.00153932315953232,0.000462311906408342
17,"locf",0.00444020339682201,0.00212425823350225,0.000637988110262968
17,"MAE",0.00322250469576894,0.00101350747892416,0.000304391298109813
17,"seadec",0.00391766341743283,0.00125906306845239,0.000378140122078988
17,"seasplit",0.00435036476418658,0.00156772502435844,0.000470841967293871
18,"ssa",0.00405672857526691,0.000907411840932265,0.000272527113933864
18,"stine",0.00405983051326901,0.00179201375154493,0.00053820361803587
18,"locf",0.00415802107558743,0.00211647638101856,0.000635650951210402
18,"MAE",0.00330805775407255,0.000992536337430467,0.000298092940066234
18,"seadec",0.00411463534762354,0.00155618826017627,0.000467377078579755
18,"seasplit",0.00448436675913338,0.00166517054485032,0.000500108222446716
19,"ssa",0.00420879354688343,0.000884887187277976,0.00026576218253683
19,"stine",0.00411960498921402,0.00162035656344748,0.000486649036149284
19,"locf",0.0042474983006032,0.00207294975486541,0.000622578402154167
19,"MAE",0.00342696434042453,0.00116935183181975,0.00035119673947797
19,"seadec",0.00412184737074706,0.00154829950768066,0.000465007813761746
19,"seasplit",0.00491960950223582,0.00183269946079748,0.000550422941633807
20,"ssa",0.00434340510709071,0.000897537821026848,0.000269561604750091
20,"stine",0.00423665176631094,0.00146424838999907,0.000439764360357891
20,"locf",0.00434040390790831,0.00191403314555021,0.000574850256080678
20,"MAE",0.00353019002266708,0.00122510144792615,0.000367940274546663
20,"seadec",0.00416533692692919,0.00137620793951355,0.00041332277253862
20,"seasplit",0.00499302994363622,0.00184381258937107,0.000553760597944116
21,"ssa",0.00448726043669547,0.000865666438320287,0.000259989527822841
21,"stine",0.00460265621381199,0.0016756127225441,0.000503244369036061
21,"locf",0.00471380655126077,0.00208264961806168,0.000625491606063558
21,"MAE",0.00356754296743915,0.0011886668456694,0.000356997705194517
21,"seadec",0.00429236248673391,0.00132906000682679,0.000399162620065989
21,"seasplit",0.00504819685408611,0.0018550013702605,0.000557120975257578
22,"ssa",0.00467051857785265,0.000917777835231157,0.000275640380018676
22,"stine",0.00460286796035647,0.00159660374327612,0.000479515243931585
22,"locf",0.00470087972663558,0.00215178803178742,0.000646256259448821
22,"MAE",0.00370368178783139,0.00121512246874689,0.000364943242468115
22,"seadec",0.00436215355604427,0.00153629218351518,0.000461401599633521
22,"seasplit",0.00518399565161306,0.00200653285845563,0.000602631114408389
23,"ssa",0.0048046777378162,0.000914710262376571,0.000274719081949672
23,"stine",0.00458320704143426,0.00158620241637156,0.000476391366245056
23,"locf",0.0045254633264962,0.00185832533581075,0.00055811927690779
23,"MAE",0.0037916008505479,0.00119994055099636,0.000360383588249494
23,"seadec",0.00447504365344674,0.00161124273854246,0.000483911839777997
23,"seasplit",0.00533308496825823,0.00192538302833264,0.000578259017856375
24,"ssa",0.00495091497742778,0.000923469679398081,0.000277349837393819
24,"stine",0.00450760420277117,0.00140046901959074,0.00042060921275915
24,"locf",0.00448862799472208,0.00154323672648951,0.000463487285723355
24,"MAE",0.00379958182385879,0.00115760018891286,0.000347667315261833
24,"seadec",0.00431528185035757,0.00141031069061287,0.00042356500645608
24,"seasplit",0.00538686482773793,0.00190204373075071,0.000571249420753574
25,"ssa",0.00506103929645581,0.000899653581875253,0.000270197040802146
25,"stine",0.00547792855149486,0.00408741799857273,0.00122759278680771
25,"locf",0.00584376048420104,0.005950226445494,0.00178705849680936
25,"MAE",0.00395064811972516,0.00121784306962923,0.000365760332870933
25,"seadec",0.00508501339199892,0.00313923628430369,0.000942821071894754
25,"seasplit",0.00541881224445456,0.00193676110497486,0.00058167624722186
26,"ssa",0.00528635036098197,0.00112407130810766,0.000337597434412707
26,"stine",0.00467380236218124,0.00164727230062319,0.000494732761576939
26,"locf",0.0045729459257292,0.0015218674414338,0.000457069351417936
26,"MAE",0.00404050420312279,0.00146157508913908,0.000438961475785321
26,"seadec",0.00467933239291698,0.0016821341597909,0.000505202981863665
26,"seasplit",0.00552405057853181,0.00199779149924304,0.000600005782347901
27,"ssa",0.00538829713321904,0.00111917631315183,0.000336127298375401
27,"stine",0.00503899829995661,0.00165922663696347,0.000498323061631283
27,"locf",0.00499646804806324,0.00194952006178283,0.000585508202590781
27,"MAE",0.00411766483447827,0.00145810580161999,0.000437919528929071
27,"seadec",0.00497353192102631,0.00160904737740576,0.000483252497010317
27,"seasplit",0.00562533413677959,0.00199806892970466,0.000600089104296779
28,"ssa",0.00549903943379736,0.00109451053535125,0.000328719313452015
28,"stine",0.00481452541345893,0.00153367567773967,0.00046061577258628
28,"locf",0.00483741501862449,0.00156494158387772,0.000470006003989449
28,"MAE",0.00424576482147146,0.00143613050173204,0.000431319587440383
28,"seadec",0.00493898734734761,0.00165423422152528,0.000496823666858639
28,"seasplit",0.0060530570815091,0.00248184409736147,0.000745383494657531
29,"ssa",0.00563346813065145,0.00105757800515349,0.000317627199142893
29,"stine",0.00545380889912747,0.00224703426627803,0.000674861993061605
29,"locf",0.00547355075100788,0.00288837360201365,0.000867478344685054
29,"MAE",0.00428982109356897,0.00143853977320791,0.000432043174870462
29,"seadec",0.00512932586379693,0.00202520209153026,0.000608238129855709
29,"seasplit",0.00622087218137419,0.0024021403337907,0.000721445701832067
30,"ssa",0.00573503184189697,0.00108147196915004,0.0003248033817258
30,"stine",0.00535505556531374,0.00220535548617397,0.000662344415990565
30,"locf",0.00537337822009558,0.00310412681296896,0.000932276485122812
30,"MAE",0.0044156703260322,0.00144314222211745,0.000433425449226787
30,"seadec",0.00497208328484481,0.00197686773568479,0.000593721653534565
30,"seasplit",0.00631356780618297,0.00238752480200907,0.000717056152880442
31,"ssa",0.00587865650729971,0.00107020732704497,0.000321420220669363
31,"stine",0.00549585407556533,0.0022170986405241,0.000665871290799951
31,"locf",0.00559329025161927,0.00288657250344952,0.000866937412584049
31,"MAE",0.00454941972547431,0.00146494882554011,0.000439974725340894
31,"seadec",0.0051058664618955,0.00198072361167729,0.000594879706260484
31,"seasplit",0.00656797449059863,0.00248312695148712,0.000745768780055729
32,"ssa",0.00600174839182053,0.00107280436990312,0.000322200202330353
32,"stine",0.00600511604753108,0.0033942213685568,0.001019401898784
32,"locf",0.00606004283519133,0.00404963692751206,0.00121624582637251
32,"MAE",0.00466081344280353,0.00149578115181692,0.00044923473773775
32,"seadec",0.00557607558169898,0.00216432407365468,0.000650021265762525
32,"seasplit",0.00663461452632462,0.00247368944023283,0.00074293436949502
33,"ssa",0.00608767246532886,0.00116663804072078,0.000350381694288276
33,"stine",0.00665637236156391,0.00348666693465354,0.00104716649495506
33,"locf",0.00703748613179763,0.00520709468668945,0.00156387036506587
33,"MAE",0.00469269732807017,0.00152067139172161,0.000456710136382956
33,"seadec",0.00589898733487154,0.00294393993539198,0.000884166833620711
33,"seasplit",0.00668956030076742,0.0024171317988387,0.000725948156526701
34,"ssa",0.00624027624834429,0.00107726612714062,0.000323540222118679
34,"stine",0.00591238391849932,0.00199810631890389,0.00060010033356457
34,"locf",0.0057857049335816,0.00228864501912128,0.000687359139196854
34,"MAE",0.00481416377543654,0.00154871932896151,0.000465133900591204
34,"seadec",0.00553294439418377,0.00193301919006292,0.000580552420944159
34,"seasplit",0.00678521669440444,0.0022840933140794,0.000685992104976465
35,"ssa",0.0063540522139399,0.00113945486283928,0.000342217647180424
35,"stine",0.00577761699656505,0.00210804913062304,0.000633119956875646
35,"locf",0.00553898664662637,0.0020963676110313,0.000629611593112806
35,"MAE",0.00486158110616686,0.00150430085933514,0.000451793500139524
35,"seadec",0.00543084216277091,0.00178412524816777,0.000535834428036733
35,"seasplit",0.00700442316392236,0.00261442161253991,0.000785201101122732
36,"ssa",0.00652340575230102,0.00116366745090854,0.000349489523576267
36,"stine",0.00591608310173311,0.00236970573897408,0.000711704472857244
36,"locf",0.00612241853833694,0.00335619598209498,0.00100798156199623
36,"MAE",0.00494215047316457,0.00149156927056625,0.000447969764337914
36,"seadec",0.00562859519184154,0.00202480838897479,0.000608119887381508
36,"seasplit",0.0070815513993301,0.002726524217426,0.000818869384911808
37,"ssa",0.00673439838466834,0.00123746128655231,0.000371652360941763
37,"stine",0.00666571552006063,0.00198987863953453,0.000597629277301295
37,"locf",0.00684508559149569,0.00270719583009815,0.000813064402677892
37,"MAE",0.00503376367477417,0.00158198413657276,0.000475124471140236
37,"seadec",0.00604289361968505,0.00184734715877088,0.000554822151203702
37,"seasplit",0.00716624614581491,0.002672816417439,0.000802739077739313
38,"ssa",0.00687479121383565,0.00121623976891118,0.000365278806294192
38,"stine",0.00601302277271708,0.00172970220576008,0.000519489308863912
38,"locf",0.00570535257793146,0.00195949623585679,0.000588504392199333
38,"MAE",0.00507583039377549,0.0015475683081493,0.00046478820928999
38,"seadec",0.00568990376067396,0.00179366033750394,0.000538698144665358
38,"seasplit",0.00718602956134778,0.00270697640011216,0.000812998500274932
39,"ssa",0.00701102677380169,0.00120068487518476,0.000360607134509025
39,"stine",0.00591700318668481,0.00198685847317367,0.000596722217039574
39,"locf",0.00595461405261647,0.00239588982165906,0.000719568457173133
39,"MAE",0.00511155474310125,0.00153323641207888,0.000460483845938
39,"seadec",0.00575441553648087,0.00188171706489118,0.000565144621000349
39,"seasplit",0.00722995887523005,0.00269418861268338,0.000809157886074895
40,"ssa",0.00714802479987757,0.00123836635727725,0.000371924184937711
40,"stine",0.00637415965648413,0.002228696061987,0.00066935439699031
40,"locf",0.00611367152801864,0.0025130924297658,0.000754768448061543
40,"MAE",0.00516795816747025,0.00150501664999978,0.000452008476796445
40,"seadec",0.00584398813352072,0.00186434823887578,0.000559928162703382
40,"seasplit",0.00768524923998764,0.00273015279150942,0.000819959171024398
41,"ssa",0.00733074354919058,0.00117366314025363,0.000352491574294713
41,"stine",0.00636844140236212,0.00158051262374357,0.000474682525017904
41,"locf",0.00623012269958188,0.00205954680566242,0.000618553033628293
41,"MAE",0.00520645804950145,0.00149220631488634,0.000448161090748006
41,"seadec",0.00580752425726027,0.00174754614827113,0.000524848461053003
41,"seasplit",0.00770048436152676,0.00267713376152156,0.0008040357252698
42,"ssa",0.00746614560082385,0.0012111170728175,0.000363740283741373
42,"stine",0.00856470841739328,0.00698627575391116,0.00209821988481376
42,"locf",0.00932271193197967,0.00963914287414841,0.00289496749964047
42,"MAE",0.00533691960369592,0.00152571696388681,0.000458225495956523
42,"seadec",0.00744761200779133,0.00518942454849271,0.00155856341231482
42,"seasplit",0.00806509778867812,0.00272043232305466,0.000817039778644265
43,"ssa",0.00772026390310794,0.00123957784012765,0.000372288035077093
43,"stine",0.0072222836235503,0.00251141321567111,0.000754264122076078
43,"locf",0.00723837047997506,0.00348214604189676,0.00104580871472801
43,"MAE",0.00555700276008337,0.00170006450791504,0.000510588084642444
43,"seadec",0.00651724922421103,0.00219391341653654,0.000658907967318575
43,"seasplit",0.00842370574155819,0.0032526603923081,0.000976886248709296
44,"ssa",0.00787558274210756,0.00124532852749478,0.000374015165097448
44,"stine",0.00744156649553188,0.00293740790565692,0.000882205039503062
44,"locf",0.00729975364201831,0.00300422483085803,0.000902272469710151
44,"MAE",0.00568111981609334,0.00168878159714301,0.000507199436874399
44,"seadec",0.00686261764316239,0.00211269124164755,0.000634514143134855
44,"seasplit",0.00844628810267896,0.00322951452662767,0.000969934745886818
45,"ssa",0.00802636434652059,0.0012523886518527,0.00037613556426846
45,"stine",0.00817119712003127,0.00331340458679819,0.000995129828157866
45,"locf",0.00801995407451375,0.00493654836647981,0.00148261596160072
45,"MAE",0.00572928357269349,0.00169485768406542,0.000509024295619104
45,"seadec",0.00698950003148622,0.00253396085288797,0.000761035956230705
45,"seasplit",0.00847002422497,0.0032252773446158,0.000968662173794612
46,"ssa",0.00819206503037048,0.00126528175211179,0.000380007807548489
46,"stine",0.00723556067574097,0.00275756536446487,0.000828192113395279
46,"locf",0.00708494718737986,0.00351555325831747,0.00105584205556071
46,"MAE",0.00582390559059041,0.00170872234787308,0.000513188332986397
46,"seadec",0.00660341152278941,0.00230390890459741,0.000691943411154285
46,"seasplit",0.00863400631986445,0.00332978404667755,0.00100004914563573
47,"ssa",0.0083485188309162,0.00131781474413014,0.000395785279315183
47,"stine",0.00758233295302679,0.00323461523744764,0.000971466665502667
47,"locf",0.00718606272661377,0.00296578928325648,0.000890728947366916
47,"MAE",0.00589862655463345,0.00171038024707689,0.000513686257374009
47,"seadec",0.00679478562022645,0.00218446130334802,0.000656069171292731
47,"seasplit",0.00868786772726311,0.00329967972067099,0.000991007776862024
48,"ssa",0.00848721867121005,0.00131534308327266,0.000395042954199147
48,"stine",0.00839488643701557,0.00282227117465307,0.00084762550285516
48,"locf",0.00817359190749667,0.00363196823161731,0.00109080549251509
48,"MAE",0.00595944320712659,0.00169634409387983,0.000509470715820573
48,"seadec",0.00719210418158043,0.00224099002197248,0.000673046697754449
48,"seasplit",0.00870280448278055,0.00325074560151893,0.00097631117090667
49,"ssa",0.00866416204864339,0.00133151480314359,0.000399899880178032
49,"stine",0.00873976036712247,0.0055106046989053,0.00165502490366461
49,"locf",0.00846855369473834,0.00671239741626982,0.00201596476144032
49,"MAE",0.00611873902600087,0.00164002297861078,0.000492555539816211
49,"seadec",0.00733841899799706,0.0035294169384336,0.00106000579749146
49,"seasplit",0.00859978841781483,0.00329257365388331,0.000988873579592704
50,"ssa",0.00886896236703359,0.00134660463582187,0.000404431878069233
50,"stine",0.00793858568251544,0.00370033208832101,0.00111133751967677
50,"locf",0.00766216325523354,0.00460456256701156,0.00138290916065888
50,"MAE",0.00628862661807536,0.00159497737998408,0.000479026790867395
50,"seadec",0.00697543225641084,0.002459045482252,0.000738536283174056
50,"seasplit",0.00855883858826997,0.00311114781296581,0.000934385133897006
51,"ssa",0.00905186661686898,0.00133638507613399,0.000401362591355329
51,"stine",0.00815660225201561,0.00276411885373941,0.000830160352553754
51,"locf",0.00783353870967623,0.00316830206256065,0.000951550528912278
51,"MAE",0.00653607047891558,0.00158890510848515,0.000477203078026126
51,"seadec",0.00718601770628295,0.00204767401185792,0.000614987223613573
51,"seasplit",0.0088360261049028,0.00323688688195314,0.0009721489188005
52,"ssa",0.00925938760389792,0.00129779090302383,0.000389771428293616
52,"stine",0.00785209592350731,0.00257888430441857,0.00077452802018813
52,"locf",0.00730982510550016,0.00308199176533011,0.000925628565867531
52,"MAE",0.0068171172475095,0.00156823126072308,0.000470994007557399
52,"seadec",0.00707007658872217,0.00218241678480661,0.000655455131765869
52,"seasplit",0.00895042396549626,0.00345239357035705,0.00103687302000225
53,"ssa",0.009463381601258,0.00130469951778017,0.000391846323898782
53,"stine",0.00738861868953053,0.00205719433646801,0.000617846505885046
53,"locf",0.00699725966191343,0.00195516131208593,0.000587202464881321
53,"MAE",0.0071264359965176,0.00146975659293108,0.000441418663928009
53,"seadec",0.0069759709600659,0.00208250739202492,0.000625448890672844
53,"seasplit",0.00904808305217759,0.00335265192249386,0.00100691715850143
54,"ssa",0.00966283786439532,0.00130256602461882,0.000391205562220751
54,"stine",0.0105070757396402,0.0058850490895738,0.001767483485881
54,"locf",0.0103035991650537,0.00860270713911878,0.00258369005437884
54,"MAE",0.00754222668430598,0.00145327333164098,0.000436468171301647
54,"seadec",0.00848391822327269,0.00429785857768658,0.00129079536042803
54,"seasplit",0.00914279724094028,0.00334019486023013,0.00100317587249029
55,"ssa",0.00989145244534441,0.00138004351986574,0.000414474729782831
55,"stine",0.00817627571877575,0.00260065232172199,0.000781065707558031
55,"locf",0.00767974984139956,0.00264776525753748,0.000795215349261579
55,"MAE",0.00796341857477186,0.00147450872312509,0.000442845892743407
55,"seadec",0.00747651555594481,0.00241543864025359,0.000725439642529179
55,"seasplit",0.00903964153702598,0.0032823330780221,0.00098579798099614
56,"ssa",0.0101376942846177,0.00142185006444298,0.0004270306789376
56,"stine",0.0101650908043894,0.00440170609609817,0.00132198435665363
56,"locf",0.0102102026163815,0.00638126921962846,0.0019165155282453
56,"MAE",0.00839951162536041,0.00148297853241084,0.000445389668982698
56,"seadec",0.00876751879892273,0.00379345781000828,0.00113930639006132
56,"seasplit",0.00927527796218525,0.00340294088079004,0.00102202066944209
57,"ssa",0.0103635022791683,0.00139060783378981,0.00041764755810019
57,"stine",0.0107770474077106,0.00846188432483675,0.00254139609983567
57,"locf",0.0111648038818585,0.012324576527633,0.00370149596910934
57,"MAE",0.00886445836502953,0.00136112277647859,0.000408792177102576
57,"seadec",0.00918780601471342,0.00632778167444988,0.00190045137119843
57,"seasplit",0.00907863558067237,0.00335746113024313,0.00100836152967789
58,"ssa",0.0106372332974464,0.00139534479338827,0.000419070230661818
58,"stine",0.00861645639680386,0.00238114085888962,0.000715138834287738
58,"locf",0.00775331154722702,0.00248137417443628,0.00074524236057398
58,"MAE",0.00935007793925751,0.00126680790436863,0.000380466163777952
58,"seadec",0.00779493129858043,0.00215734558115373,0.000647925383457374
58,"seasplit",0.00897867251415276,0.00293862807499935,0.000882571498495994
59,"ssa",0.010891665293274,0.00135655624178145,0.00040742068902456
59,"stine",0.00854193946952288,0.00188583025677719,0.000566379954575675
59,"locf",0.00786026982145039,0.00196587602579261,0.000590420463447564
59,"MAE",0.00986667347659332,0.00124338003443554,0.000373429965339188
59,"seadec",0.00768143521629335,0.00196785129539933,0.000591013705127777
59,"seasplit",0.00898509202269596,0.00296886920394038,0.000891653953915503
60,"ssa",0.0110997070842559,0.00136758652591667,0.000410733464288936
60,"stine",0.0107016527505722,0.00550930276079572,0.00165463388668696
60,"locf",0.00986595385560438,0.00773380410839865,0.00232272846608034
60,"MAE",0.0104442917511403,0.00122582142190475,0.000368156507597242
60,"seadec",0.00853866866997741,0.00387764618103555,0.00116459106538502
60,"seasplit",0.00909242283854626,0.00294469044124309,0.000884392236447043
61,"ssa",0.0113246020885799,0.00139545227566416,0.000419102511301243
61,"stine",0.00925575372056097,0.00264229504899823,0.000793572456719768
61,"locf",0.00812947525180766,0.00235015818547059,0.000705833667451729
61,"MAE",0.0109840421182387,0.00122788724613578,0.000368776945958502
61,"seadec",0.00795327287517212,0.00237138738343513,0.000712209528765665
61,"seasplit",0.00910874156158234,0.00300890246216598,0.000903677323937192
62,"ssa",0.0116395309529209,0.00148460319163743,0.000445877610257184
62,"stine",0.00911849438716425,0.00222968974522218,0.000669652834383381
62,"locf",0.00801629339079115,0.00265764860706022,0.000798183660451638
62,"MAE",0.0116435367042522,0.00127112168054632,0.000381761739743388
62,"seadec",0.00796105665974317,0.00234082605560922,0.000703030906562735
62,"seasplit",0.0091463848071961,0.00303480692271681,0.00091145732806925
63,"ssa",0.0119563587325734,0.00151976868705964,0.00045643902299743
63,"stine",0.00895668702679787,0.00277599460067883,0.000833727049496881
63,"locf",0.00791885088407763,0.00241646451890091,0.000725747749316405
63,"MAE",0.0123602999096566,0.00124894924655035,0.000375102592073899
63,"seadec",0.00787319602114656,0.00237163090853107,0.000712282667762285
63,"seasplit",0.00954288051302201,0.00357926766362137,0.00107497769189497
64,"ssa",0.0122521082079512,0.00157283004701955,0.000472375181904529
64,"stine",0.00870001772819577,0.00207222809422339,0.000622361662540314
64,"locf",0.00840716383139821,0.00261184611836107,0.000784427591274335
64,"MAE",0.0130635833208667,0.00126247388078536,0.000379164506817366
64,"seadec",0.00820331954245488,0.00220289844970114,0.000661606483082303
64,"seasplit",0.00962782578311502,0.00357105265721002,0.00107251044175866
65,"ssa",0.0125908478760609,0.00157323999034788,0.000472498302043704
65,"stine",0.0113974268621953,0.00536051331006906,0.00160994727608611
65,"locf",0.0102030429104196,0.00675840382143402,0.00202978207377448
65,"MAE",0.0137946957670358,0.0012321028905763,0.000370043049574217
65,"seadec",0.00888067888637367,0.00375278645060862,0.00112709137621978
65,"seasplit",0.00988777790821363,0.00359622725580478,0.00108007124313902
66,"ssa",0.0129484148030474,0.00163488985703541,0.00049101388613119
66,"stine",0.00964769702441148,0.00397579278183225,0.0011940678791657
66,"locf",0.009450871702781,0.00550027107991395,0.00165192136100276
66,"MAE",0.0145297832814771,0.00122081103091091,0.000366651714144438
66,"seadec",0.00830378525771513,0.00302389203116775,0.000908179209183662
66,"seasplit",0.00991362606708703,0.00346415322159566,0.00104040484939697
67,"ssa",0.0132119937390078,0.00175108786011645,0.000525912159435645
67,"stine",0.00967898086525287,0.00224381066964112,0.00067389383566238
67,"locf",0.00856863866257894,0.00220196404794581,0.000661325849964959
67,"MAE",0.0152242847354362,0.00126375222630388,0.000379548438125132
67,"seadec",0.0083756674110345,0.00217470450326541,0.000653138867270016
67,"seasplit",0.00996937681922456,0.00342130404843198,0.00102753576286979
68,"ssa",0.0135999673006734,0.00189375513333422,0.000568760068696898
68,"stine",0.0104062440227343,0.00352249269352422,0.00105792620761154
68,"locf",0.00894908554180229,0.00296951552968949,0.000891848067859271
68,"MAE",0.0160210114400683,0.00133870344546191,0.000402058877731006
68,"seadec",0.0084153384646375,0.00235068084831426,0.00070599064115421
68,"seasplit",0.0100643105227007,0.00349337796008111,0.00104918204766091
69,"ssa",0.0139480122718301,0.00192593341018685,0.000578424316535015
69,"stine",0.0104300197590864,0.00308587349455114,0.000926794383210836
69,"locf",0.00908628043137606,0.00321058640204166,0.000964249976377634
69,"MAE",0.0168596517891513,0.00136601198161916,0.000410260574258404
69,"seadec",0.00826791868762142,0.00229557315174161,0.000689439896690639
69,"seasplit",0.0101390423802504,0.0034544183635498,0.00103748113532568
70,"ssa",0.0143340284533537,0.0018920303493229,0.000568242056491678
70,"stine",0.011352786177235,0.00549849936180737,0.00165138925286783
70,"locf",0.010011296839656,0.00777700484054836,0.00233570313791237
70,"MAE",0.017708136432033,0.00133343247546313,0.000400475823403741
70,"seadec",0.00891971733458391,0.00413846543912948,0.00124292409616593
70,"seasplit",0.0102183179850922,0.0034554346610595,0.00103778636456638
71,"ssa",0.014588783726281,0.00217960018798621,0.000654609210467562
71,"stine",0.0102944378549717,0.00263918408253742,0.000792638126052185
71,"locf",0.00833449530103169,0.00221638199925934,0.000665656058678436
71,"MAE",0.0185346437288383,0.00134453666603373,0.000403810795323072
71,"seadec",0.00828655066344862,0.00226937613615906,0.000681572028178965
71,"seasplit",0.0102566620343193,0.00342160243922417,0.00102762537992981
72,"ssa",0.0150097882305578,0.00222492495183869,0.00066822180237485
72,"stine",0.0111027445039396,0.00372540674291697,0.00111886830442265
72,"locf",0.0100352878795053,0.00552218829099837,0.00165850385641761
72,"MAE",0.0194387634636868,0.00139766780679717,0.000419767911815401
72,"seadec",0.00877229304340814,0.00285333600979573,0.000856955345694284
72,"seasplit",0.0105443308034352,0.00362650168371897,0.00108916369939017
73,"ssa",0.0156393254312017,0.00191748033508117,0.000575885566147927
73,"stine",0.010446024865557,0.00316162733310092,0.000949545877139078
73,"locf",0.0085742867138422,0.00241872921580563,0.000726427916009782
73,"MAE",0.0202625353847246,0.00135521989074945,0.000407019336657833
73,"seadec",0.00848169926429646,0.00243668869093466,0.000731821766634051
73,"seasplit",0.0104952726387025,0.00359848302017377,0.00108074872708342
74,"ssa",0.0162255278899142,0.00206576244666867,0.000620419805283976
74,"stine",0.0121110816374328,0.00453599682698956,0.00136231650096453
74,"locf",0.0109452635797962,0.00592056088810498,0.00177814890540469
74,"MAE",0.0212457401978784,0.00142926012463539,0.000429256175924988
74,"seadec",0.0091538089140938,0.00268734850447996,0.000807103565353493
74,"seasplit",0.0105272024563289,0.00359333673071617,0.0010792031186286
75,"ssa",0.0165708350549975,0.00210742375356553,0.000632932134547443
75,"stine",0.0111180469415024,0.00435378806572681,0.00130759291725046
75,"locf",0.00991507120573176,0.00615291055699453,0.00184793153533037
75,"MAE",0.0220687300248626,0.00147332679896215,0.000442490920098698
75,"seadec",0.00929623085818988,0.00377865871717991,0.00113486171138794
75,"seasplit",0.0117690817280016,0.00323852136569157,0.000972639810715186
76,"ssa",0.0169469678960821,0.00230081910341019,0.000691015437149322
76,"stine",0.0105916635765367,0.00298242496941647,0.000895725218445803
76,"locf",0.00944236660247658,0.00300315543994015,0.000901951294685348
76,"MAE",0.0230021685605253,0.00144980955861409,0.000435427880637851
76,"seadec",0.00888999014746736,0.00257860914142121,0.000774445379237077
76,"seasplit",0.015664939406408,0.00288917062498916,0.000867717718210345
77,"ssa",0.0175348885445898,0.00225430053056435,0.000677044303172301
77,"stine",0.0126396514777112,0.00775882247057452,0.00233024234426838
77,"locf",0.0106689025526702,0.0109854562154507,0.00329931189190541
77,"MAE",0.023968838189815,0.00149246159263429,0.000448237759471912
77,"seadec",0.00985460486667182,0.00648753906273197,0.00194843203223257
77,"seasplit",0.0186161390139662,0.00279662122744705,0.000839921937870345
78,"ssa",0.0180665785992345,0.00219034149838202,0.000657835196938085
78,"stine",0.0108196888866676,0.00281481150597263,0.000845385106725554
78,"locf",0.00934260197115085,0.00310645136553009,0.000932974628536966
78,"MAE",0.0249272034499239,0.00136758256471137,0.000410732274602181
78,"seadec",0.00907053297395408,0.00267875772494979,0.000804523457572011
78,"seasplit",0.0211049047649937,0.00241203862668876,0.000724418501033817
79,"ssa",0.0185592630590932,0.00245307829606092,0.000736744131079932
79,"stine",0.0117039526669907,0.00502602542333944,0.00150948901192834
79,"locf",0.011252948467643,0.00675308586539778,0.00202818490791747
79,"MAE",0.0259476682783518,0.00143646031626802,0.000431418642135915
79,"seadec",0.00983057868281127,0.00410953253669161,0.00123423454634584
79,"seasplit",0.0234865349254511,0.00233906769497928,0.00070250281013935
80,"ssa",0.0188979325694524,0.00268714293045352,0.00080704182437371
80,"stine",0.0121339243393186,0.00395154600318301,0.00118678573415789
80,"locf",0.0109411835257888,0.00491010314199352,0.00147467354738318
80,"MAE",0.0268688583921278,0.00150465032653389,0.000451898457208401
80,"seadec",0.00976041631607413,0.00293897248877546,0.000882674937847531
80,"seasplit",0.025579190448861,0.00337484353120563,0.00101358206500029
81,"ssa",0.0195030344538889,0.00260501468066481,0.000782375874605674
81,"stine",0.0118543221646847,0.00518489877928294,0.00155720416752052
81,"locf",0.0106269115277511,0.00692328297101986,0.00207930097661173
81,"MAE",0.0279402948866027,0.00151741508510374,0.000455732155046785
81,"seadec",0.00961518745067468,0.00380301657903232,0.001142177218518
81,"seasplit",0.0275596923874734,0.00334885534913054,0.00100577691640311
82,"ssa",0.020190589837478,0.00263127718195392,0.000790263410736624
82,"stine",0.0123999312890583,0.00380351601510488,0.00114232721641896
82,"locf",0.0101267702104325,0.00461185221884038,0.00138509849485629
82,"MAE",0.0290277268866419,0.00161821125558087,0.000486004726107236
82,"seadec",0.00951962648067987,0.00289412429655842,0.000869205476861102
82,"seasplit",0.0294415627567125,0.00322354866359904,0.000968142991184074
83,"ssa",0.0206210432890066,0.00336067845086823,0.00100932780217402
83,"stine",0.0117519701074447,0.00360055517049207,0.00108137106538717
83,"locf",0.0101596015149814,0.00439215446898326,0.00131911567315891
83,"MAE",0.0302164231048552,0.00171069008170416,0.000513779311412931
83,"seadec",0.00948218169402832,0.00267195826374476,0.000802481344547995
83,"seasplit",0.0312013600082628,0.00297330460342791,0.000892986057561229
84,"ssa",0.0219054302287168,0.00265704549810804,0.000798002526004509
84,"stine",0.0118519526015684,0.00326493587976198,0.00098057300153423
84,"locf",0.010146407060695,0.00383052208389764,0.00115043807155088
84,"MAE",0.0314627983551361,0.00181987145502764,0.000546570248476983
84,"seadec",0.00930881017267594,0.00248261665654351,0.000745615520860771
84,"seasplit",0.0330887404643631,0.00287368440160192,0.000863066670499611
85,"ssa",0.0228718808913623,0.00281810243839984,0.000846373487388096
85,"stine",0.0134965401470026,0.00318905665147789,0.000957783848738355
85,"locf",0.0115364868134923,0.00529417701976327,0.00159002419713715
85,"MAE",0.0327141476161284,0.00190467909810481,0.000572040912584262
85,"seadec",0.0100806520115363,0.00319343955199043,0.000959100185128801
85,"seasplit",0.0345822650368053,0.00282898357131523,0.000849641467390115
86,"ssa",0.0234298929700474,0.00310078726898542,0.000931273504731071
86,"stine",0.0134986396193056,0.00638564980333082,0.00191783116881764
86,"locf",0.0112817567799201,0.00832347741060998,0.00249982772351388
86,"MAE",0.0339676991342178,0.00185371095249967,0.000556733418238522
86,"seadec",0.0101316860511342,0.00463964376988423,0.00139344525743539
86,"seasplit",0.0361492740210798,0.00289592476336673,0.000869746219224016
87,"ssa",0.0248302861519871,0.0030796363216921,0.000924921144796146
87,"stine",0.0127927652965909,0.00426245517971995,0.00128016249733757
87,"locf",0.0100540358216793,0.00434986374159914,0.00130641430718564
87,"MAE",0.035344144841454,0.00179405937577251,0.000538817989638476
87,"seadec",0.00968650122310552,0.00268377735461821,0.000806031025717854
87,"seasplit",0.0377847204202788,0.00290159632788333,0.000871449585919796
88,"ssa",0.0259607384396772,0.00505110759866674,0.00151702205540958
88,"stine",0.00954439135915734,0.00242696642644926,0.00072890183484389
88,"locf",0.00961144252280342,0.00300795093086553,0.00090339154622587
88,"MAE",0.0368083358810862,0.00186422880261414,0.000559892291869197
88,"seadec",0.00943869731577232,0.00244511304766051,0.00073435189189987
88,"seasplit",0.0391204528150864,0.0028346829014608,0.000851353173063178
89,"ssa",0.0288374713985622,0.00441187948201179,0.00132503977578848
89,"stine",0.033234548709428,0.0229751337256717,0.00690022612011436
89,"locf",0.0406626802590106,0.0114508048146357,0.00343907214737965
89,"MAE",0.0385051435678966,0.00196918762088666,0.000591415049822555
89,"seadec",0.0237498393267558,0.00687550149073298,0.00206495054791478
89,"seasplit",0.0404582112405449,0.0028834358075408,0.000865995354474674
90,"ssa",0.028174716137663,0.00485989660775947,0.00145959479123496
90,"stine",0.0414079133457123,0.0225772685688254,0.00678073347296226
90,"locf",0.0412473506363689,0.00816335621580998,0.00245173779881811
90,"MAE",0.0385091649777293,0.00188038217628857,0.000564743707851675
90,"seadec",0.0240361194750053,0.00475223435141782,0.00142726009746432
90,"seasplit",0.0403574983787643,0.00290517408990969,0.000872524111416822
91,"ssa",0.0277063061119344,0.00427342546809383,0.00128345725380281
91,"stine",0.0306064531694632,0.0211085272311053,0.00633961972523665
91,"locf",0.0395306643344758,0.00656045257534832,0.00197033047819036
91,"MAE",0.0384682323212214,0.0017836869125405,0.000535702780709639
91,"seadec",0.0227580312240865,0.00355508865317468,0.00106771590001881
91,"seasplit",0.0401380208650131,0.00274949820450905,0.000825769266655542
92,"ssa",0.0261305247514666,0.00574086825173284,0.0017241810008914
92,"stine",0.0361791346268823,0.0225940980434738,0.00678578794541686
92,"locf",0.0404440463032431,0.00683363897076353,0.00205237778741657
92,"MAE",0.0384907502502658,0.00175815710710091,0.000528035298446462
92,"seadec",0.0231769612846052,0.00386489680855514,0.00116076198852066
92,"seasplit",0.0403015606725972,0.00280871157377176,0.000843553086420213
93,"ssa",0.0263714648406523,0.00496980913236182,0.00149260531827888
93,"stine",0.0378461931024899,0.0199932350173073,0.00600465895603729
93,"locf",0.0401583346186408,0.00579905802983144,0.00174165740087905
93,"MAE",0.0384777637841378,0.00177123917425931,0.000531964295012459
93,"seadec",0.0226762001478004,0.00344337655750724,0.00103416489963461
93,"seasplit",0.0404459161542181,0.00284707337981095,0.000855074461625555
94,"ssa",0.0262377764688972,0.00560215288708735,0.00168251998625632
94,"stine",0.0324130931527384,0.022690214840307,0.00681465513896658
94,"locf",0.0406178198457173,0.0122742423436134,0.00368637887532202
94,"MAE",0.0384700267576359,0.00180451323444587,0.000541957644429399
94,"seadec",0.0229042664410674,0.00645178391124749,0.00193769352541264
94,"seasplit",0.0404101150747032,0.00294602159533483,0.000884792027993131
95,"ssa",0.0255956238905153,0.00551615211470942,0.00165669098421447
95,"stine",0.0347435231525098,0.0237685231228751,0.00713850835635169
95,"locf",0.0394789822658877,0.00748889865003674,0.00224917489895315
95,"MAE",0.038453242219382,0.00168175647605315,0.000505089550393648
95,"seadec",0.0219234286655817,0.00348881192653773,0.00104781071009668
95,"seasplit",0.0402340226739632,0.00259629395841202,0.000779756740536925
96,"ssa",0.0258434315987652,0.00645968265993416,0.00194006579243205
96,"stine",0.038979578945712,0.0234684615033296,0.00704838948916453
96,"locf",0.0408221765659952,0.00718654843607916,0.00215836868782581
96,"MAE",0.0384798152519421,0.00172424477408679,0.000517850253656209
96,"seadec",0.0225209627954065,0.00403343727976782,0.00121138051268876
96,"seasplit",0.0403264591346782,0.00258428371477143,0.000776149649589502
97,"ssa",0.0258162682056827,0.00652401590320567,0.00195938728717999
97,"stine",0.0370659186938029,0.0249618289327363,0.0074968993027029
97,"locf",0.0399518581918185,0.00743203169448399,0.00223209578826062
97,"MAE",0.0384505910491384,0.00181599553715054,0.000545406176480957
97,"seadec",0.0220881767281197,0.00354769623657309,0.00106549570201109
97,"seasplit",0.0402677022931717,0.00279713534810952,0.000840076346060798
98,"ssa",0.0268267376884511,0.00593312858463004,0.00178192341870535
98,"stine",0.0422668522658058,0.0222217071102955,0.00667394608740234
98,"locf",0.0415579253811472,0.00803317128071792,0.00241263876678227
98,"MAE",0.0384472574473819,0.00185912699674016,0.000558360043370813
98,"seadec",0.0225172541458062,0.00526424484439548,0.00158103453114561
98,"seasplit",0.0400860197340263,0.00290183875786301,0.000871522396015181
99,"ssa",0.0271624974893091,0.00667333214349182,0.0020042321108786
99,"stine",0.0347773604032709,0.0244722884674142,0.00734987339434467
99,"locf",0.0395476979403284,0.00761763693612762,0.0022878394523329
99,"MAE",0.0383876266161693,0.00190950836041497,0.000573491306837951
99,"seadec",0.0215137210331183,0.0039714950477587,0.00119277712119816
99,"seasplit",0.0398767736084332,0.00301790534905331,0.000906381201790448
100,"ssa",0.0286920320979565,0.0050479444153099,0.00151607204220477
100,"stine",0.0338297782745575,0.0257025202342691,0.00771935448084479
100,"locf",0.0418369717283437,0.00948752551456947,0.00284943157034747
100,"MAE",0.0384012980961091,0.00190682318588349,0.000572684856191768
100,"seadec",0.022266834061207,0.00463089241565293,0.0013908169235256
100,"seasplit",0.0397578277013539,0.00301097006918358,0.00090429829773083
105,"ssa",0.0263823533745363,0.00817269607486174,0.00245454288104991
105,"stine",0.0332547316132714,0.0238104827904112,0.00715111029361924
105,"locf",0.0382459270987419,0.00536409219388378,0.00161102213849492
105,"MAE",0.0381573931529694,0.00203420140261854,0.000610940933773014
105,"seadec",0.0200421445003984,0.00281076969873924,0.000844171212426729
105,"seasplit",0.0395620957620203,0.00305595133195919,0.000917807724401684
120,"ssa",0.0190118774186382,0.00709108050671191,0.00212969637158518
120,"stine",0.0378489298728247,0.0240698604743156,0.00722901036988526
120,"locf",0.0407515705957411,0.00928036189544356,0.00278721318098363
120,"MAE",0.0380600248584311,0.00197480197566613,0.000593101234458496
120,"seadec",0.0198170249270228,0.00367399302025841,0.00110342698789945
120,"seasplit",0.0414827143694955,0.00338727251883424,0.00101731491922893
135,"ssa",0.0256182993009292,0.00265612512709658,0.000797726106804112
135,"stine",0.042562523681712,0.0290435688526092,0.00872278676638061
135,"locf",0.0412297225500339,0.00920452968716623,0.00276443814991966
135,"MAE",0.0376456920753309,0.00190186538017666,0.000571195855916723
135,"seadec",0.0194549251238626,0.00416925229482458,0.00125217045217674
135,"seasplit",0.0404662114899521,0.00273963448557165,0.000822806851208216
150,"ssa",0.0301987770458642,0.0025643936691985,0.000770175981987331
150,"stine",0.0522189524907363,0.0260326063682649,0.00781849074663897
150,"locf",0.0430166985079133,0.00817930899795034,0.00245652897023534
150,"MAE",0.0367825041165846,0.00192715238292664,0.000578790416146849
150,"seadec",0.0196202016385115,0.00261395355147822,0.000785060526221091
150,"seasplit",0.0402883298236458,0.00339034030567179,0.00101823628156441
165,"ssa",0.0320297189245574,0.00263718107550018,0.000792036553863656
165,"stine",0.0554000873278144,0.0280869392125262,0.0084354778475907
165,"locf",0.040627603759847,0.00739584726073323,0.00222122835315056
165,"MAE",0.0341964286207055,0.00186018566761962,0.000558677998797853
165,"seadec",0.0200366493973128,0.00232931433391287,0.00069957353897197
165,"seasplit",0.041833491606886,0.00348110336109164,0.00104549556167252
180,"ssa",0.0345798740902823,0.00266885573302114,0.000801549547423627
180,"stine",0.0451740946369001,0.0179651657802637,0.00539555972336507
180,"locf",0.0415330505825286,0.00612422223689403,0.00183931544203302
180,"MAE",0.0303277073168743,0.00185469893087138,0.000557030142264068
180,"seadec",0.0403236306902123,0.00725721278703603,0.00217959163286089
180,"seasplit",0.0426746214255141,0.00280882869129963,0.000843588260858566
195,"ssa",0.0352235504915467,0.00277406136158385,0.000833146431030896
195,"stine",0.0498924017974427,0.0214815197987977,0.0064516422748736
195,"locf",0.0425529097184131,0.00493579279391805,0.0014823890370662
195,"MAE",0.027678078136308,0.00181656911641921,0.000545578442144298
195,"seadec",0.0428202254683954,0.00482836784596689,0.00145012561520084
195,"seasplit",0.0429825935221841,0.00255023986281893,0.000765925105119954
210,"ssa",0.0360466012277531,0.00286829640053012,0.00086144846769937
210,"stine",0.061029273608111,0.0297569796876345,0.00893704867828034
210,"locf",0.0428982507691453,0.00521262904044795,0.00156553252263232
210,"MAE",0.0260920139484302,0.00178926177054891,0.000537377103101179
210,"seadec",0.043104052214008,0.00481339415660823,0.00144562849915961
210,"seasplit",0.0432788601204816,0.00233744273189073,0.000702014777604623
225,"ssa",0.0368014308913079,0.00277748744116529,0.000834175401051252
225,"stine",0.0564041074515231,0.0293328197723613,0.00880965880706479
225,"locf",0.0427175097613947,0.00616137970633385,0.00185047511336496
225,"MAE",0.0262853423085934,0.00175392670376796,0.000526764762225643
225,"seadec",0.0434735944718953,0.00534011915107419,0.00160382220581342
225,"seasplit",0.0435719486531176,0.00276794006817566,0.00083130799521727
240,"ssa",0.0376958808520704,0.00331264819125802,0.000994902656454504
240,"stine",0.0673811437080806,0.0336627076944135,0.0101100736857616
240,"locf",0.0427852119436421,0.00550385696542482,0.00165299832626273
240,"MAE",0.0294444332989678,0.00178845600683187,0.000537135104429341
240,"seadec",0.0432361995889401,0.0047400525223329,0.00142360147348214
240,"seasplit",0.0438816574541956,0.00340451119552144,0.00102249228918784
255,"ssa",0.0382498464349859,0.00337319249673979,0.00101308620233057
255,"stine",0.0756147385907715,0.0458532451238443,0.0137713130845469
255,"locf",0.0429492266450321,0.00582143451802372,0.00174837783307084
255,"MAE",0.0365350164528921,0.00214638999755541,0.000644635043344065
255,"seadec",0.0431769696125488,0.00515308838898416,0.00154765040871974
255,"seasplit",0.0439752744345415,0.00291067604790563,0.000874176539416967
270,"ssa",0.0378665296269257,0.00313084523428452,0.000940300949783221
270,"stine",0.0914170073046901,0.0593323932911147,0.0178195667909776
270,"locf",0.0572294126358096,0.0110906390460116,0.00333090192848538
270,"MAE",0.0485173723879466,0.00249565433677662,0.000749531186500167
270,"seadec",0.0424785822580862,0.00381693887179748,0.00114635856385149
270,"seasplit",0.0587658418434467,0.00518830496656313,0.00155822716319582
285,"ssa",0.0386371936861047,0.00329085582723455,0.000988357656923737
285,"stine",0.119651602652053,0.0601519908784938,0.0180657202518428
285,"locf",0.0617197178738798,0.0209581863402881,0.00629446716359655
285,"MAE",0.049671790899933,0.00252466146375823,0.000758243028514144
285,"seadec",0.0436312871218886,0.00940656694693764,0.00282511691652694
285,"seasplit",0.0578617620102888,0.00460785427805486,0.00138389777516672
300,"ssa",0.0389640829905153,0.00317360771719139,0.000953144000232378
300,"stine",0.11095940878933,0.0679953121364945,0.0204213405002
300,"locf",0.0604244034806686,0.0131362990455907,0.00394528427465632
300,"MAE",0.0503892454484123,0.0026139261148045,0.000785052286040429
300,"seadec",0.0424857503598575,0.00472524422191635,0.00141915402945205
300,"seasplit",0.0599429411334527,0.00589650467382428,0.00177092399345803
315,"ssa",0.0397978108491787,0.00363365267461498,0.00109131138892071
315,"stine",0.104012979457351,0.0688056308821167,0.0206647072044343
315,"locf",0.0605756940727702,0.0162515873590426,0.00488091294384438
315,"MAE",0.0501254007119514,0.00251703774048755,0.000755953361125349
315,"seadec",0.0423027159031128,0.00554854532036706,0.00166641978259545
315,"seasplit",0.0586682064035072,0.00482962518759289,0.00145050323831429
330,"ssa",0.0406742271475291,0.00360124906383032,0.00108157946552074
330,"stine",0.104181779232913,0.0721249715780796,0.021661619851182
330,"locf",0.0590073209833723,0.0114417255353684,0.00343634532625643
330,"MAE",0.0489833378579748,0.00247226186500415,0.000742505619351539
330,"seadec",0.0414437307196281,0.0036573441436821,0.001098426755283
330,"seasplit",0.0576427905360837,0.0040177722405915,0.00120667576042104
345,"ssa",0.0414049936018167,0.00342918302949051,0.00102990209298778
345,"stine",0.143236971350863,0.0970675082826667,0.0291527250315011
345,"locf",0.058455118187757,0.0156913688606766,0.00471265998124781
345,"MAE",0.0464231943898968,0.00247193516380806,0.000742407499699499
345,"seadec",0.0416340483900071,0.00577565651989064,0.00173462911925633
345,"seasplit",0.060434876573661,0.00494612313617345,0.00148549159561108
360,"ssa",0.0474254165385356,0.00386032269063319,0.00115938822293834
360,"stine",0.140818962695643,0.079286454015468,0.0238124603539292
360,"locf",0.0601815312138236,0.00774007784719108,0.00232461268650767
360,"MAE",0.0427559244477954,0.00247768919697457,0.000744135634578957
360,"seadec",0.06071020124172,0.00640047913737334,0.00192228492997202
360,"seasplit",0.0607502247873492,0.00434746965510957,0.00130569528033137
375,"ssa",0.0463468448411858,0.00377660616197707,0.00113424525817411
375,"stine",0.131766798455565,0.0887540308591001,0.0266559006494529
375,"locf",0.0589457583858187,0.00885392540247175,0.00265913957486198
375,"MAE",0.0400802183599336,0.0024104242873967,0.000723933659192077
375,"seadec",0.0596346817508194,0.00723884742200552,0.00217407587948151
375,"seasplit",0.0605395961902779,0.00368108859841665,0.00110555803507112
390,"ssa",0.0468196632763185,0.00392811621970225,0.00117974896101467
390,"stine",0.146146473786654,0.0936508810128519,0.0281265938667659
390,"locf",0.0611693014005727,0.0077815701481447,0.00233707425744964
390,"MAE",0.0385801680617862,0.0023866178304833,0.00071678375800836
390,"seadec",0.0611601393825364,0.00678127917431378,0.00203665233226056
390,"seasplit",0.0606023946414475,0.00443538607038109,0.00133209961609224
405,"ssa",0.0479214139566257,0.00397952826442669,0.00119518977359631
405,"stine",0.155862729216934,0.092915369927707,0.0279056944865077
405,"locf",0.0628923221470652,0.00803576569372622,0.00241341795860853
405,"MAE",0.0386866425310277,0.00243660121612181,0.000731795494926749
405,"seadec",0.0622381039590137,0.00737365183893474,0.00221456230145008
405,"seasplit",0.0609226895304893,0.00382736004837883,0.00114948840308148
420,"ssa",0.0487515856818928,0.00424799509221152,0.00127581963366956
420,"stine",0.195193437825673,0.121583668561506,0.0365157746459604
420,"locf",0.066145345052816,0.0140944853689291,0.00423306071918896
420,"MAE",0.0423559013427496,0.0025205521120907,0.000757008848289053
420,"seadec",0.0630940084435053,0.00636380433523694,0.00191127022030054
420,"seasplit",0.0620935093203009,0.00467125305707424,0.00140293861802737
435,"ssa",0.0488865266323932,0.00405217308873451,0.00121700752317571
435,"stine",0.182819508799156,0.115456877315978,0.034675687641912
435,"locf",0.0612654466124401,0.00934281252356193,0.00280596926138366
435,"MAE",0.0514361537023201,0.00278918594585955,0.000837688866026973
435,"seadec",0.0604474360582459,0.00689025586683134,0.0020693817966098
435,"seasplit",0.0612289089510954,0.00366559457030321,0.00110090464333157
450,"ssa",0.0475890802102142,0.00373871134516277,0.0011228641359608
450,"stine",0.198111405000586,0.148009228041232,0.0444522827828815
450,"locf",0.0698219184964803,0.0111021780441114,0.00333436748812212
450,"MAE",0.0665107164254608,0.00325446801077095,0.000977429138961056
450,"seadec",0.0550379574473229,0.00421481674536914,0.0012658550302754
450,"seasplit",0.0716602065674771,0.00575553682987652,0.00172858648149754
465,"ssa",0.0479408489754874,0.00401148919963735,0.0012047887462333
465,"stine",0.181907965165866,0.152107501912137,0.0456831359630655
465,"locf",0.0731768279870248,0.0196600605127461,0.00590459514590328
465,"MAE",0.0714404381470731,0.00340815367118813,0.00102358625042599
465,"seadec",0.0562054712651487,0.00761690892124818,0.0022876208043221
465,"seasplit",0.0741810236832217,0.00809522772246703,0.0024312764594021
480,"ssa",0.0478852316240656,0.00399761793536775,0.00120062272651933
480,"stine",0.187894988836845,0.180879854568298,0.0543244671390121
480,"locf",0.0721266137788116,0.0160960930603025,0.00483421263582848
480,"MAE",0.0758574227802881,0.00370564533190184,0.00111293327022067
480,"seadec",0.054906181281499,0.00612653884407797,0.001840011199176
480,"seasplit",0.0729981768915221,0.00635516374462295,0.00190867515253033
495,"ssa",0.04852629748993,0.00420576580848618,0.00126313672134902
495,"stine",0.182238340080499,0.170158875481725,0.051104586862811
495,"locf",0.0682032058704809,0.0100661899305933,0.00302322447905931
495,"MAE",0.0801639231091915,0.00380095198872208,0.00114155715074577
495,"seadec",0.0539816330505225,0.00385170600118674,0.00115680033351419
495,"seasplit",0.073250220362797,0.00617410237638418,0.00185429617056737
510,"ssa",0.0490441143600799,0.00432031365614449,0.00129753939599076
510,"stine",0.257633817139327,0.185925949982972,0.0558399838624692
510,"locf",0.077672460874999,0.024541360425812,0.00737061808889986
510,"MAE",0.0848241255252161,0.00400220215175623,0.00120199952501991
510,"seadec",0.0564556543682423,0.00910633948671689,0.00273494824165755
510,"seasplit",0.0741328642743124,0.00650493155226902,0.00195365559750232
525,"ssa",0.0499224109338188,0.00469309107150398,0.0014094973279517
525,"stine",0.260906335066372,0.221720588281759,0.0665903499364373
525,"locf",0.0750373667086745,0.0179434492540617,0.00538903750055118
525,"MAE",0.0897600150081112,0.00430108972780538,0.00129176578639873
525,"seadec",0.0553516936131324,0.0066006169620245,0.00198239323061437
525,"seasplit",0.0739411862683164,0.00450865747983952,0.00135410555083192
540,"ssa",0.0667362446073466,0.00663090406301727,0.00199148949302869
540,"stine",0.266723361122197,0.16258973504071,0.0488313125828207
540,"locf",0.0728452808751994,0.0110106893303233,0.00330689026774492
540,"MAE",0.0961097449006415,0.00478983032196639,0.00143855146582317
540,"seadec",0.073706126632824,0.00912882539953886,0.00274170153784469
540,"seasplit",0.0741737795189116,0.00483311987045313,0.00145155281226854
555,"ssa",0.0650402205293512,0.00613255601685227,0.00184181836396739
555,"stine",0.345223150263918,0.176970327047161,0.0531503010061502
555,"locf",0.0766478884675845,0.0107606364486632,0.0032317907516314
555,"MAE",0.111439071612405,0.00562302664865773,0.00168878909774585
555,"seadec",0.0762381762474343,0.00885854730138725,0.00266052769072681
555,"seasplit",0.0739728617040933,0.00491609966815346,0.00147647451128324
570,"ssa",0.0662387423570077,0.0056581886934508,0.00169934947414299
570,"stine",0.320392515954069,0.199071207565069,0.0597879586950279
570,"locf",0.0730127425093369,0.00921575551833584,0.00276780965471182
570,"MAE",0.128155566789704,0.00648916108355142,0.00194891918110227
570,"seadec",0.0738053250090139,0.00789383351676494,0.00237079082414017
570,"seasplit",0.0750261630274659,0.00465851207000314,0.00139911205959102
585,"ssa",0.067117335936761,0.0054377998445728,0.00163315909154205
585,"stine",0.324602476114672,0.239698506841415,0.0719897397598799
585,"locf",0.0755810048315581,0.00858145671610342,0.00257730781844912
585,"MAE",0.146237739041339,0.00732050225273707,0.00219859964515683
585,"seadec",0.0757074246369541,0.00825160717519091,0.00247824260972875
585,"seasplit",0.0741452018040965,0.0045314418858377,0.00136094849482855
600,"ssa",0.0674196072905978,0.00594292134557175,0.00178486452301598
600,"stine",0.403174495278196,0.247133535767492,0.0742227357202993
600,"locf",0.0742995600343076,0.0102268419543354,0.00307147383001897
600,"MAE",0.16564230889482,0.00835821630172655,0.00251026101224806
600,"seadec",0.0748186025314324,0.00919424135464852,0.00276134820834984
600,"seasplit",0.0750118276322188,0.00482213685538109,0.0014482542335363
615,"ssa",0.0683008322161225,0.00578742787700259,0.00173816446432909
615,"stine",0.34160619485002,0.26471079785916,0.0795017945694544
615,"locf",0.0769220953518759,0.00932820494356736,0.00280158210062831
615,"MAE",0.186643254394815,0.00923384971606,0.00277324396718414
615,"seadec",0.0764641864501469,0.00866442055503098,0.00260222472449321
615,"seasplit",0.0746605016849616,0.00483095840991924,0.00145090365102266
630,"ssa",0.0682036024897109,0.00435296301046569,0.00130734512466168
630,"stine",0.315147143757948,0.27123955744215,0.0814626065474999
630,"locf",0.0844064523051984,0.0160082702300367,0.00480783640687685
630,"MAE",0.209316734553648,0.0103107970308072,0.00309668843893067
630,"seadec",0.0662395331756284,0.0063508301178675,0.00190737361475084
630,"seasplit",0.0833312530040047,0.0071736767997276,0.00215450289089848
645,"ssa",0.0678506542290381,0.00469195071688725,0.00140915484007736
645,"stine",0.345553371227577,0.307025369216107,0.0922103217112311
645,"locf",0.0868924731960761,0.0150541562820677,0.00452128303730996
645,"MAE",0.224207842618809,0.0109042915169458,0.00327493532986483
645,"seadec",0.0665236884830407,0.00565271374423044,0.00169770515781092
645,"seasplit",0.083978506811215,0.00835097923762808,0.00250808747196223
660,"ssa",0.0672522963835015,0.00422993700882454,0.00127039616757992
660,"stine",0.40881444772181,0.337970908748186,0.101504335958543
660,"locf",0.082986764291256,0.0204922923361413,0.00615454310417634
660,"MAE",0.238960629714985,0.0115191686217725,0.00345960415965469
660,"seadec",0.0658223892070966,0.00712601692122085,0.0021401889834157
660,"seasplit",0.0825868340859702,0.00651713437963573,0.00195732052799371
